Model Year;Mfr Name;Carline;Cyl;Transmission;City FE;Hwy FE;Comb FE;Release Date
2020;Honda;NSX;6;Auto(AM-S9);21;22;21;21/10/2019
2020;FCA US LLC;4C;4;Auto(AM6);24;34;28;21/06/2019
2020;aston martin;Vantage Manual;8;Manual(M7);14;21;17;26/09/2019
2020;aston martin;Vantage V8;8;Auto(S8);18;24;20;25/03/2019
2020;Volkswagen Group of;R8;10;Auto(AM-S7);13;20;16;04/07/2019
2020;Volkswagen Group of;R8 Spyder;10;Auto(AM-S7);13;20;16;04/07/2019
2020;Volkswagen Group of;TT Roadster quattro;4;Auto(AM-S7);23;31;26;30/08/2019
2020;BMW;Z4 M40i;6;Auto(S8);24;31;26;15/04/2019
2020;BMW;Z4 sDrive30i;4;Auto(S8);24;32;27;21/07/2019
2020;Volkswagen Group of;Chiron;16;Auto(AM-S7);9;14;11;31/10/2019
2020;Volkswagen Group of;Divo;16;Auto(AM-S7);9;13;10;01/05/2020
2020;General Motors;CORVETTE;8;Auto(S8);15;27;19;25/01/2020
2020;Ferrari;488 Pista;8;Auto(AM7);15;20;17;01/08/2019
2020;Ferrari;488 Pista Spider;8;Auto(AM7);15;19;17;01/08/2019
2020;Ferrari;812 Superfast;12;Auto(AM7);12;16;13;01/08/2019
2020;Ferrari;F8 Tributo;8;Auto(AM7);15;19;16;01/08/2019
2020;FCA US LLC;124 Spider;4;Auto(A6);25;36;29;15/07/2019
2020;FCA US LLC;124 Spider;4;Manual(M6);26;35;30;15/07/2019
2020;Ford Motor Company;FORD GT;6;Auto(AM7);12;18;14;18/12/2019
2020;Jaguar Land Rover L;F-TYPE AWD Convertible;8;Auto(S8);16;24;18;14/03/2019
2020;Jaguar Land Rover L;F-TYPE AWD Coupe;8;Auto(S8);16;24;18;14/03/2019
2020;Jaguar Land Rover L;F-TYPE Convertible;4;Auto(S8);23;30;26;08/02/2019
2020;Jaguar Land Rover L;F-TYPE Convertible;6;Auto(S8);20;28;23;08/03/2019
2020;Jaguar Land Rover L;F-TYPE Coupe;4;Auto(S8);23;30;26;08/02/2019
2020;Jaguar Land Rover L;F-TYPE Coupe;6;Auto(S8);20;28;23;08/03/2019
2020;Jaguar Land Rover L;F-TYPE S AWD Convertible;6;Auto(S8);18;26;21;08/03/2019
2020;Jaguar Land Rover L;F-TYPE S AWD Coupe;6;Auto(S8);18;26;21;08/03/2019
2020;Jaguar Land Rover L;F-TYPE S Convertible;6;Auto(S8);19;27;22;08/03/2019
2020;Jaguar Land Rover L;F-TYPE S Coupe;6;Auto(S8);19;27;22;08/03/2019
2020;Jaguar Land Rover L;F-TYPE SVR AWD Convertible;8;Auto(S8);16;24;18;14/03/2019
2020;Jaguar Land Rover L;F-TYPE SVR AWD Coupe;8;Auto(S8);16;24;18;13/03/2019
2020;Volkswagen Group of;Aventador Coupe;12;Auto(AM-S7);9;15;11;11/10/2019
2020;Volkswagen Group of;Aventador Roadster;12;Auto(AM-S7);9;15;11;11/10/2019
2020;Volkswagen Group of;Huracan;10;Auto(AM-S7);13;18;15;26/04/2019
2020;Volkswagen Group of;Huracan 2WD;10;Auto(AM-S7);13;18;15;15/11/2019
2020;Volkswagen Group of;Huracan Spyder;10;Auto(AM-S7);13;18;15;26/04/2019
2020;Volkswagen Group of;Huracan Spyder 2WD;10;Auto(AM-S7);13;18;15;15/11/2019
2020;MAZDA;MX-5;4;Auto(S6);26;35;30;13/01/2020
2020;MAZDA;MX-5;4;Manual(M6);26;34;29;13/01/2020
2020;McLaren Automotive ;570S Coupe;8;Auto(AM-S7);15;22;18;01/08/2019
2020;McLaren Automotive ;570S Spider;8;Auto(AM-S7);15;22;18;01/08/2019
2020;McLaren Automotive ;600LT Spider;8;Auto(AM-S7);15;22;18;01/08/2019
2020;McLaren Automotive ;620R Coupe;8;Auto(AM-S7);15;22;18;01/01/2020
2020;McLaren Automotive ;720S Coupe;8;Auto(AM-S7);15;22;18;01/08/2019
2020;McLaren Automotive ;720S Spider;8;Auto(AM-S7);15;22;18;01/02/2019
2020;McLaren Automotive ;GT;8;Auto(AM-S7);15;22;18;01/09/2019
2020;McLaren Automotive ;Speedtail;8;Auto(AM-S7);12;20;15;01/03/2020
2020;Mercedes-Benz;AMG GT (coupe);8;Auto(AM7);16;22;18;14/06/2019
2020;Mercedes-Benz;AMG GT (roadster);8;Auto(AM7);16;22;18;14/06/2019
2020;Mercedes-Benz;AMG GT C (coupe);8;Auto(AM7);15;21;17;05/07/2019
2020;Mercedes-Benz;AMG GT C (roadster);8;Auto(AM7);15;20;17;13/09/2019
2020;Mercedes-Benz;AMG GT R (coupe);8;Auto(AM7);15;20;17;14/06/2019
2020;Mercedes-Benz;AMG GT R (roadster);8;Auto(AM7);15;20;17;14/08/2019
2020;Mercedes-Benz;AMG SLC 43;6;Auto(A9);20;29;23;28/10/2019
2020;Mercedes-Benz;SL 450;6;Auto(A9);20;28;22;05/08/2019
2020;Mercedes-Benz;SL 550;8;Auto(A9);17;25;20;02/08/2019
2020;Mercedes-Benz;SLC 300;4;Auto(A9);23;32;27;09/12/2019
2020;Nissan;370Z;6;Auto(S7);19;26;22;10/04/2019
2020;Nissan;370Z;6;Manual(M6);17;26;20;10/04/2019
2020;Nissan;370Z Roadster;6;Auto(S7);18;25;21;10/04/2019
2020;Porsche;718 Cayman GT4;6;Manual(M6);16;23;19;09/04/2020
2020;Porsche;718 Spyder;6;Manual(M6);16;23;19;09/04/2020
2020;Porsche;Boxster;4;Auto(AM-S7);21;27;24;15/06/2020
2020;Porsche;Boxster;4;Manual(M6);20;26;22;15/06/2020
2020;Porsche;Boxster S;4;Auto(AM-S7);19;25;22;15/06/2020
2020;Porsche;Boxster S;4;Manual(M6);19;24;21;15/06/2020
2020;Porsche;Boxster T;4;Auto(AM-S7);21;27;23;15/06/2020
2020;Porsche;Boxster T;4;Manual(M6);20;26;22;15/06/2020
2020;Porsche;Cayman;4;Auto(AM-S7);21;27;24;15/06/2020
2020;Porsche;Cayman;4;Manual(M6);20;26;22;15/06/2020
2020;Porsche;Cayman S;4;Auto(AM-S7);19;25;22;15/06/2020
2020;Porsche;Cayman S;4;Manual(M6);19;24;21;15/06/2020
2020;Porsche;Cayman T;4;Auto(AM-S7);21;27;23;15/06/2020
2020;Porsche;Cayman T;4;Manual(M6);20;26;22;15/06/2020
2020;BMW;Supra 3.0;6;Auto(S8);24;31;26;31/03/2019
2020;aston martin;DB11 V12;12;Auto(S8);15;22;18;15/04/2019
2020;aston martin;DB11 V8;8;Auto(S8);18;24;20;15/04/2019
2020;aston martin;DBS;12;Auto(S8);14;22;17;19/08/2019
2020;Volkswagen Group of;Continental GT Convertible;8;Auto(AM-S8);16;26;19;30/08/2019
2020;Volkswagen Group of;Continental GT Convertible;12;Auto(AM-S8);12;19;15;20/12/2019
2020;Ferrari;GTC4Lusso;12;Auto(AM7);12;17;13;01/08/2019
2020;Ferrari;GTC4Lusso T;8;Auto(AM7);15;21;17;01/08/2019
2020;Ferrari;Portofino;8;Auto(AM7);16;22;18;01/08/2019
2020;Lotus;Evora;6;Auto(S6);17;24;20;09/07/2019
2020;Lotus;Evora;6;Manual(M6);16;24;19;09/07/2019
2020;Lotus;Evora GT;6;Auto(S6);17;24;20;09/07/2019
2020;Lotus;Evora GT;6;Manual(M6);17;26;20;09/07/2019
2020;BMW;COOPER CONVERTIBLE;3;Auto(AM-S7);28;36;31;31/07/2019
2020;BMW;COOPER S CONVERTIBLE;4;Auto(AM-S7);26;34;29;31/07/2019
2020;BMW;JOHN COOPER WORKS CONVERTIBLE;4;Auto(S8);25;33;28;31/07/2019
2020;Porsche;911 Carrera;6;Auto(AM-S8);18;24;20;27/12/2019
2020;Porsche;911 Carrera 4;6;Auto(AM-S8);18;24;20;27/12/2019
2020;Porsche;911 Carrera 4 Cabriolet;6;Auto(AM-S8);18;24;20;27/12/2019
2020;Porsche;911 Carrera 4S;6;Auto(AM-S8);18;23;20;30/08/2019
2020;Porsche;911 Carrera 4S;6;Manual(M7);17;24;20;27/12/2019
2020;Porsche;911 Carrera 4S Cabriolet;6;Auto(AM-S8);18;23;20;30/08/2019
2020;Porsche;911 Carrera 4S Cabriolet;6;Manual(M7);17;24;20;27/12/2019
2020;Porsche;911 Carrera Cabriolet;6;Auto(AM-S8);17;24;20;27/12/2019
2020;Porsche;911 Carrera S;6;Auto(AM-S8);18;24;20;30/08/2019
2020;Porsche;911 Carrera S;6;Manual(M7);17;25;20;27/12/2019
2020;Porsche;911 Carrera S Cabriolet;6;Auto(AM-S8);18;23;20;30/08/2019
2020;Porsche;911 Carrera S Cabriolet;6;Manual(M7);17;25;20;27/12/2019
2020;Subaru;BRZ;4;Auto(S6);24;33;27;01/07/2019
2020;Subaru;BRZ;4;Manual(M6);21;29;24;01/07/2019
2020;Subaru;BRZ tS;4;Manual(M6);20;27;23;01/07/2019
2020;Toyota;86;4;Auto(S6);24;32;27;25/08/2019
2020;Toyota;86;4;Manual(M6);21;28;24;25/08/2019
2020;Volkswagen Group of;A3;4;Auto(AM-S7);27;36;30;27/09/2019
2020;Volkswagen Group of;A3 Cabriolet quattro;4;Auto(AM-S7);22;30;25;30/08/2019
2020;Volkswagen Group of;A3 quattro;4;Auto(AM-S7);22;30;25;30/08/2019
2020;Volkswagen Group of;A5 Cabriolet quattro;4;Auto(AM-S7);23;31;26;29/11/2019
2020;Volkswagen Group of;A5 quattro;4;Auto(AM-S7);24;32;27;29/11/2019
2020;Volkswagen Group of;RS3;5;Auto(AM-S7);19;28;23;15/11/2019
2020;Volkswagen Group of;S3;4;Auto(AM-S7);22;29;25;30/08/2019
2020;Volkswagen Group of;S5;6;Auto(S8);20;27;23;01/11/2019
2020;Volkswagen Group of;S5 Cabriolet;6;Auto(S8);19;26;22;01/11/2019
2020;Volkswagen Group of;TT Coupe quattro;4;Auto(AM-S7);23;31;26;30/08/2019
2020;Volkswagen Group of;TT RS;5;Auto(AM-S7);19;29;23;15/11/2019
2020;Volkswagen Group of;TTS Coupe;4;Auto(AM-S7);23;29;25;30/08/2019
2020;Volkswagen Group of;Continental GT;8;Auto(AM-S8);16;26;19;30/08/2019
2020;Volkswagen Group of;Continental GT;12;Auto(AM-S8);12;20;15;20/12/2019
2020;BMW;230i Convertible;4;Auto(S8);23;34;27;31/03/2019
2020;BMW;230i Coupe;4;Auto(S8);24;32;27;21/03/2019
2020;BMW;230i Coupe;4;Manual(M6);21;32;25;31/03/2019
2020;BMW;230i xDrive Convertible;4;Auto(S8);21;31;24;31/03/2019
2020;BMW;230i xDrive Coupe;4;Auto(S8);21;31;24;31/03/2019
2020;BMW;430i Convertible;4;Auto(S8);23;34;27;31/03/2019
2020;BMW;430i xDrive Convertible;4;Auto(S8);22;32;26;31/03/2019
2020;BMW;440i Convertible;6;Auto(S8);22;29;24;31/03/2019
2020;BMW;440i xDrive Convertible;6;Auto(S8);20;28;23;31/03/2019
2020;BMW;840i Convertible;6;Auto(S8);22;29;24;31/07/2019
2020;BMW;840i Coupe;6;Auto(S8);23;30;25;01/08/2019
2020;BMW;840i xDrive Convertible;6;Auto(S8);20;27;23;01/08/2019
2020;BMW;840i xDrive Coupe;6;Auto(S8);21;27;23;01/08/2019
2020;BMW;M2 Competition Coupe;6;Auto(AM-S7);17;23;19;31/03/2019
2020;BMW;M2 Competition Coupe;6;Manual(M6);18;25;20;01/04/2019
2020;BMW;M2 CS Coupe;6;Auto(AM-S7);16;23;19;31/03/2020
2020;BMW;M2 CS Coupe;6;Manual(M6);17;24;20;01/04/2020
2020;BMW;M240i Convertible;6;Auto(S8);22;30;25;01/04/2019
2020;BMW;M240i Convertible;6;Manual(M6);19;27;22;01/04/2019
2020;BMW;M240i Coupe;6;Auto(S8);22;30;25;01/04/2019
2020;BMW;M240i Coupe;6;Manual(M6);19;27;22;01/04/2019
2020;BMW;M240i Coupe M Performance;6;Auto(S8);22;30;25;01/04/2019
2020;BMW;M240i Coupe M Performance;6;Manual(M6);19;27;22;01/04/2019
2020;BMW;M240i xDrive Convertible;6;Auto(S8);22;30;25;01/04/2019
2020;BMW;M240i xDrive Coupe;6;Auto(S8);22;30;25;01/04/2019
2020;BMW;M240i xDrive Coupe M Performance;6;Auto(S8);22;30;25;01/04/2019
2020;BMW;M4 Convertible;6;Auto(AM-S7);16;22;19;01/04/2019
2020;BMW;M4 Convertible;6;Manual(M6);17;25;20;01/04/2019
2020;BMW;M4 Convertible Competition;6;Auto(AM-S7);16;22;19;01/04/2019
2020;BMW;M4 Convertible Competition;6;Manual(M6);17;25;20;01/04/2019
2020;BMW;M8 Competition Convertible;8;Auto(S8);15;21;17;31/08/2019
2020;BMW;M8 Competition Coupe;8;Auto(S8);15;21;17;31/08/2019
2020;BMW;M8 Convertible;8;Auto(S8);15;21;17;31/08/2019
2020;BMW;M8 Coupe;8;Auto(S8);15;21;17;31/08/2019
2020;BMW;M850i xDrive Convertible;8;Auto(S8);17;25;20;31/07/2019
2020;BMW;M850i xDrive Coupe;8;Auto(S8);18;25;20;01/08/2019
2020;General Motors;CAMARO;4;Auto(S8);22;31;25;27/06/2019
2020;General Motors;CAMARO;4;Manual(M6);20;30;23;27/06/2019
2020;General Motors;CAMARO;6;Auto(S10);19;29;22;17/07/2019
2020;General Motors;CAMARO;6;Manual(M6);16;26;20;27/03/2019
2020;General Motors;CAMARO;8;Auto(S10);13;21;16;27/06/2019
2020;General Motors;CAMARO;8;Auto(S10);16;27;20;18/07/2019
2020;General Motors;CAMARO;8;Manual(M6);16;24;19;19/07/2019
2020;General Motors;CAMARO;8;Manual(M6);14;20;16;27/06/2019
2020;General Motors;SPARK;4;Auto(AV);30;38;33;28/05/2019
2020;General Motors;SPARK;4;Manual(M5);29;38;33;28/05/2019
2020;General Motors;SPARK ACTIV;4;Auto(AV);30;37;33;28/05/2019
2020;General Motors;SPARK ACTIV;4;Manual(M5);29;37;32;28/05/2019
2020;Ford Motor Company;MUSTANG;4;Auto(S10);21;32;25;26/08/2019
2020;Ford Motor Company;MUSTANG;4;Manual(M6);21;30;24;28/08/2019
2020;Ford Motor Company;MUSTANG;8;Auto(S10);16;25;19;26/08/2019
2020;Ford Motor Company;MUSTANG;8;Manual(M6);15;24;18;26/08/2019
2020;Ford Motor Company;MUSTANG BULLITT;8;Manual(M6);14;23;17;29/08/2019
2020;Ford Motor Company;MUSTANG CONVERTIBLE;4;Auto(S10);20;28;23;26/08/2019
2020;Ford Motor Company;MUSTANG CONVERTIBLE;4;Manual(M6);20;28;23;26/08/2019
2020;Ford Motor Company;MUSTANG CONVERTIBLE;8;Auto(S10);15;24;18;26/08/2019
2020;Ford Motor Company;MUSTANG HO CONVERTIBLE;4;Auto(S10);20;27;23;26/08/2019
2020;Ford Motor Company;MUSTANG HO CONVERTIBLE;4;Manual(M6);19;26;22;26/08/2019
2020;Ford Motor Company;MUSTANG HO COUPE;4;Auto(S10);20;28;23;26/08/2019
2020;Ford Motor Company;MUSTANG HO COUPE;4;Manual(M6);20;27;23;26/08/2019
2020;Ford Motor Company;SHELBY GT350 MUSTANG;8;Manual(M6);14;21;16;26/08/2019
2020;Ford Motor Company;SHELBY GT500 MUSTANG;8;Auto(AM7);12;18;14;07/10/2019
2020;Nissan;Q60;6;Auto(S7);19;28;22;15/10/2019
2020;Nissan;Q60 AWD;6;Auto(S7);19;27;22;15/10/2019
2020;Nissan;Q60 AWD RED SPORT;6;Auto(S7);19;26;21;15/10/2019
2020;Nissan;Q60 RED SPORT;6;Auto(S7);20;27;22;15/10/2019
2020;Toyota;LC 500;8;Auto(S10);16;25;19;28/06/2019
2020;Toyota;LC 500h;6;Auto(AV-S10);27;35;30;01/07/2019
2020;Toyota;RC 300;4;Auto(S8);21;30;24;25/11/2019
2020;Toyota;RC 300 AWD;6;Auto(S6);18;24;21;25/11/2019
2020;Toyota;RC 350;6;Auto(S8);20;28;23;25/11/2019
2020;Toyota;RC 350 AWD;6;Auto(S6);19;26;21;25/11/2019
2020;Toyota;RC F;8;Auto(S8);16;24;19;27/03/2019
2020;Mercedes-Benz;A 220;4;Auto(A7);24;35;28;30/09/2019
2020;Mercedes-Benz;A 220 4MATIC;4;Auto(A7);24;34;28;30/09/2019
2020;Mercedes-Benz;AMG A 35 4MATIC;4;Auto(AM7);24;31;27;29/01/2020
2020;Mercedes-Benz;AMG C 43 4MATIC (convertible);6;Auto(A9);18;25;21;28/10/2019
2020;Mercedes-Benz;AMG C 43 4MATIC (coupe);6;Auto(A9);19;27;22;28/10/2019
2020;Mercedes-Benz;AMG C 63 (convertible);8;Auto(A9);17;24;20;25/10/2019
2020;Mercedes-Benz;AMG C 63 (coupe);8;Auto(A9);17;26;20;25/10/2019
2020;Mercedes-Benz;AMG C 63 S (convertible);8;Auto(A9);17;24;20;25/10/2019
2020;Mercedes-Benz;AMG C 63 S (coupe);8;Auto(A9);17;26;20;25/10/2019
2020;Mercedes-Benz;AMG E 53 4MATIC+ (Convertible);6;Auto(A9);20;26;23;29/07/2019
2020;Mercedes-Benz;AMG E 53 4MATIC+ (Coupe);6;Auto(A9);21;28;23;29/07/2019
2020;Mercedes-Benz;AMG S 63 4MATIC+ (convertible);8;Auto(A9);15;24;18;16/10/2019
2020;Mercedes-Benz;C 300 (convertible);4;Auto(A9);21;29;24;15/08/2019
2020;Mercedes-Benz;C 300 (Coupe);4;Auto(A9);22;31;25;20/08/2019
2020;Mercedes-Benz;C 300 4MATIC (convertible);4;Auto(A9);21;29;24;15/08/2019
2020;Mercedes-Benz;C 300 4MATIC (Coupe);4;Auto(A9);21;30;25;15/08/2019
2020;Mercedes-Benz;E 450 (convertible);6;Auto(A9);20;27;23;06/08/2019
2020;Mercedes-Benz;E 450 (coupe);6;Auto(A9);20;28;23;06/08/2019
2020;Mercedes-Benz;E 450 4MATIC (convertible);6;Auto(A9);19;26;22;06/08/2019
2020;Mercedes-Benz;E 450 4MATIC (coupe);6;Auto(A9);19;26;22;06/08/2019
2020;Mercedes-Benz;S 560 (convertible);8;Auto(A9);17;26;20;16/10/2019
2020;BMW;COOPER HARDTOP 2 DOOR;3;Auto(AM-S7);28;36;31;31/07/2019
2020;BMW;COOPER HARDTOP 4 DOOR;3;Auto(AM-S7);28;36;31;31/07/2019
2020;BMW;COOPER S HARDTOP 2 DOOR;4;Auto(AM-S7);26;35;30;31/07/2019
2020;BMW;COOPER S HARDTOP 4 DOOR;4;Auto(AM-S7);26;35;30;31/07/2019
2020;BMW;JOHN COOPER WORKS HARDTOP;4;Auto(S8);26;34;29;31/07/2019
2020;Nissan;GT-R;6;Auto(AM-S6);16;22;18;12/07/2019
2020;Roush;Roush Stage 3 Mustang;8;Auto(S10);12;18;14;11/11/2019
2020;Roush;Roush Stage 3 Mustang;8;Manual(M6);13;20;15;11/11/2019
2020;Honda;ILX;4;Auto(AM-S8);24;34;28;11/10/2019
2020;Honda;TLX AWD;6;Auto(S9);20;29;23;02/04/2019
2020;Honda;TLX AWD A-SPEC;6;Auto(S9);20;29;23;02/04/2019
2020;Honda;TLX FWD;4;Auto(AM-S8);23;33;27;02/04/2019
2020;Honda;TLX FWD;6;Auto(S9);20;31;24;02/04/2019
2020;Honda;TLX FWD A-SPEC;4;Auto(AM-S8);23;32;26;02/04/2019
2020;Honda;TLX FWD A-SPEC;6;Auto(S9);20;30;23;02/04/2019
2020;Volkswagen Group of;A4;4;Auto(AM-S7);27;35;30;01/11/2019
2020;Volkswagen Group of;A4 quattro;4;Auto(AM-S7);24;32;27;29/11/2019
2020;Volkswagen Group of;S4;6;Auto(S8);20;27;23;01/11/2019
2020;BMW;228i XDRIVE GRAN COUPE;4;Auto(S8);23;33;27;28/01/2020
2020;BMW;330i;4;Auto(S8);26;36;30;31/03/2019
2020;BMW;330i xDrive;4;Auto(S8);25;34;28;31/07/2019
2020;BMW;430i Coupe;4;Auto(S8);23;34;27;31/03/2019
2020;BMW;430i Coupe;4;Manual(M6);21;33;25;31/03/2019
2020;BMW;430i Gran Coupe;4;Auto(S8);23;34;27;31/03/2019
2020;BMW;430i xDrive Coupe;4;Auto(S8);21;31;24;31/03/2019
2020;BMW;430i xDrive Gran Coupe;4;Auto(S8);21;31;24;31/03/2019
2020;BMW;440i Coupe;6;Auto(S8);22;30;25;01/04/2019
2020;BMW;440i Coupe;6;Manual(M6);19;27;22;01/04/2019
2020;BMW;440i Gran Coupe;6;Auto(S8);22;30;25;01/04/2019
2020;BMW;440i xDrive Coupe;6;Auto(S8);22;30;25;01/04/2019
2020;BMW;440i xDrive Coupe;6;Manual(M6);18;28;21;01/04/2019
2020;BMW;440i xDrive Gran Coupe;6;Auto(S8);22;30;25;01/04/2019
2020;BMW;M235i xDrive;4;Auto(S8);23;32;26;28/01/2020
2020;BMW;M340i;6;Auto(S8);22;30;25;01/04/2019
2020;BMW;M340i xDrive;6;Auto(S8);22;30;25;01/04/2019
2020;BMW;M4 Coupe;6;Auto(AM-S7);17;23;19;31/03/2019
2020;BMW;M4 Coupe;6;Manual(M6);18;25;20;01/04/2019
2020;BMW;M4 Coupe Competition;6;Auto(AM-S7);17;23;19;31/03/2019
2020;BMW;M4 Coupe Competition;6;Manual(M6);18;25;20;01/04/2019
2020;BMW;M4 CS;6;Auto(AM-S7);17;23;19;31/03/2019
2020;General Motors;CT4;4;Auto(S8);23;34;27;21/01/2020
2020;General Motors;CT4;4;Auto(S10);20;30;24;31/01/2020
2020;General Motors;CT4 AWD;4;Auto(S8);23;32;26;31/01/2020
2020;General Motors;CT4 AWD;4;Auto(S10);20;28;23;31/01/2020
2020;General Motors;CT4 V;4;Auto(S10);20;29;23;31/01/2020
2020;General Motors;CT4 V AWD;4;Auto(S10);20;28;23;31/01/2020
2020;General Motors;SONIC;4;Auto(S6);26;34;29;20/06/2019
2020;Hyundai;G70 AWD;4;Auto(S8);20;27;23;12/04/2019
2020;Hyundai;G70 AWD;6;Auto(S8);17;25;20;01/05/2019
2020;Hyundai;G70 RWD;4;Auto(S8);22;30;25;12/04/2019
2020;Hyundai;G70 RWD;4;Manual(M6);18;28;22;12/04/2019
2020;Hyundai;G70 RWD;6;Auto(S8);17;26;20;01/05/2019
2020;Honda;CIVIC 2DR;4;Auto(AV);31;40;35;08/10/2019
2020;Honda;CIVIC 2DR;4;Auto(AV-S7);30;37;33;08/10/2019
2020;Honda;CIVIC 2DR;4;Manual(M6);26;36;30;13/08/2019
2020;Honda;CIVIC 2DR;4;Auto(AV);30;38;33;08/10/2019
2020;Honda;CIVIC 2DR;4;Auto(AV-S7);29;36;32;08/10/2019
2020;Honda;CIVIC 2DR;4;Manual(M6);25;35;29;08/10/2019
2020;Hyundai;Accent;4;Auto(AV);33;41;36;01/05/2019
2020;Hyundai;Accent;4;Manual(M6);29;39;33;01/05/2019
2020;Hyundai;Veloster;4;Auto(AM7);28;34;30;01/04/2019
2020;Hyundai;Veloster;4;Manual(M6);26;33;29;01/04/2019
2020;Hyundai;Veloster;4;Auto(S6);27;34;30;01/04/2019
2020;Hyundai;Veloster;4;Manual(M6);25;33;28;01/04/2019
2020;Hyundai;Veloster N;4;Manual(M6);22;29;25;01/04/2019
2020;Jaguar Land Rover L;XE;4;Auto(S8);25;34;28;08/02/2019
2020;Jaguar Land Rover L;XE 30t;4;Auto(S8);24;32;27;08/02/2019
2020;Jaguar Land Rover L;XE AWD;4;Auto(S8);24;34;28;08/02/2019
2020;Jaguar Land Rover L;XE AWD 30t;4;Auto(S8);22;30;25;08/02/2019
2020;Kia;Rio;4;Auto(AV);33;41;36;01/07/2019
2020;Toyota;GS F;8;Auto(S8);16;24;19;26/09/2019
2020;Toyota;IS 300;4;Auto(S8);21;30;24;26/09/2019
2020;Toyota;IS 300 AWD;6;Auto(S6);18;24;21;26/09/2019
2020;Toyota;IS 350;6;Auto(S8);20;28;23;26/09/2019
2020;Toyota;IS 350 AWD;6;Auto(S6);19;26;21;26/09/2019
2020;Toyota;UX 250h;4;Auto(AV-S6);43;41;42;31/10/2019
2020;Toyota;UX 250h AWD;4;Auto(AV-S6);41;38;39;31/10/2019
2020;MAZDA;CX-3 2WD;4;Auto(S6);29;34;31;02/12/2019
2020;MAZDA;CX-3 4WD;4;Auto(S6);27;32;29;02/12/2019
2020;MAZDA;MAZDA2;4;Auto(S6);32;40;35;20/01/2020
2020;MAZDA;MAZDA2;4;Manual(M6);30;39;34;20/01/2020
2020;MAZDA;MAZDA3 4-Door 2WD;4;Auto(S6);26;35;30;01/08/2019
2020;MAZDA;MAZDA3 4-Door 2WD;4;Auto(S6);27;36;30;01/08/2019
2020;MAZDA;MAZDA3 4-Door 4WD;4;Auto(S6);25;33;28;01/08/2019
2020;Mercedes-Benz;AMG C 43 4MATIC;6;Auto(A9);19;27;22;28/10/2019
2020;Mercedes-Benz;AMG C 63;8;Auto(A9);18;27;21;25/10/2019
2020;Mercedes-Benz;AMG C 63 S;8;Auto(A9);18;27;21;25/10/2019
2020;Mercedes-Benz;AMG CLA 35 4MATIC;4;Auto(AM7);23;29;25;20/12/2019
2020;Mercedes-Benz;AMG CLA 45 4MATIC;4;Auto(AM8);20;29;23;21/05/2020
2020;Mercedes-Benz;AMG CLS 53 4MATIC+;6;Auto(A9);21;27;23;29/07/2019
2020;Mercedes-Benz;AMG GT 53 4MATIC+;6;Auto(A9);19;24;21;30/07/2019
2020;Mercedes-Benz;AMG GT 63 4MATIC+;8;Auto(A9);15;20;17;01/10/2019
2020;Mercedes-Benz;AMG GT 63 S 4MATIC+;8;Auto(A9);15;20;17;01/10/2019
2020;Mercedes-Benz;AMG S 63 4MATIC+ (coupe);8;Auto(A9);17;27;20;16/10/2019
2020;Mercedes-Benz;C 300;4;Auto(A9);24;35;28;12/08/2019
2020;Mercedes-Benz;C 300 4MATIC;4;Auto(A9);23;33;26;15/08/2019
2020;Mercedes-Benz;CLA 250;4;Auto(AM7);25;35;28;05/09/2019
2020;Mercedes-Benz;CLA 250 4MATIC;4;Auto(AM7);23;33;27;05/09/2019
2020;Mercedes-Benz;CLS 450;6;Auto(A9);24;31;26;24/07/2019
2020;Mercedes-Benz;CLS 450 4MATIC;6;Auto(A9);23;30;26;24/07/2019
2020;Mercedes-Benz;S 560 4MATIC (coupe);8;Auto(A9);17;26;20;16/10/2019
2020;Mitsubishi Motors Co;MIRAGE;3;Auto(AV);36;43;39;01/11/2019
2020;Mitsubishi Motors Co;MIRAGE;3;Manual(M5);33;41;36;01/11/2019
2020;Mitsubishi Motors Co;MIRAGE G4;3;Auto(AV);35;41;37;01/11/2019
2020;Mitsubishi Motors Co;MIRAGE G4;3;Manual(M5);33;40;35;01/11/2019
2020;Nissan;VERSA;4;Auto(AV);32;40;35;02/08/2019
2020;Nissan;VERSA;4;Manual(M5);27;35;30;02/08/2019
2020;Rolls-Royce;Dawn;12;Auto(S8);12;18;14;31/08/2019
2020;Subaru;WRX;4;Auto(AV-S8);18;24;21;22/06/2019
2020;Subaru;WRX;4;Manual(M6);21;27;23;22/06/2019
2020;Subaru;WRX;4;Manual(M6);16;22;19;06/12/2019
2020;Toyota;C-HR;4;Auto(AV-S7);27;31;29;08/10/2019
2020;Toyota;COROLLA;4;Auto(AV);30;38;33;01/02/2019
2020;Toyota;COROLLA;4;Manual(M6);29;39;33;01/02/2019
2020;Toyota;COROLLA;4;Auto(AV-S10);31;40;34;01/02/2019
2020;Toyota;COROLLA;4;Manual(M6);29;36;32;01/02/2019
2020;Toyota;COROLLA HATCHBACK;4;Auto(AV-S10);32;41;35;17/09/2019
2020;Toyota;COROLLA HATCHBACK MANUAL;4;Manual(M6);28;37;31;17/09/2019
2020;Toyota;COROLLA HATCHBACK XSE;4;Auto(AV-S10);30;38;33;17/09/2019
2020;Toyota;COROLLA HYBRID;4;Auto(AV);53;52;52;01/02/2019
2020;Toyota;COROLLA XLE;4;Auto(AV);29;37;32;01/02/2019
2020;Toyota;COROLLA XSE;4;Auto(AV-S10);31;38;34;01/02/2019
2020;Toyota;YARIS;4;Auto(S6);32;40;35;06/09/2019
2020;Toyota;YARIS;4;Manual(M6);30;39;34;06/09/2019
2020;Volkswagen Group of;Golf;4;Auto(S8);29;35;32;06/01/2020
2020;Volkswagen Group of;Golf;4;Manual(M6);28;36;31;06/01/2020
2020;Volkswagen Group of;GTI;4;Auto(AM-S7);24;32;27;01/11/2019
2020;Volkswagen Group of;GTI;4;Manual(M6);24;32;27;27/09/2019
2020;Volkswagen Group of;Jetta;4;Auto(S8);30;40;34;06/01/2020
2020;Volkswagen Group of;Jetta;4;Manual(M6);30;40;34;06/01/2020
2020;Volkswagen Group of;Jetta;4;Auto(AM-S7);25;32;28;27/09/2019
2020;Volkswagen Group of;Jetta;4;Manual(M6);25;33;28;27/09/2019
2020;Volvo;S60 AWD;4;Auto(S8);21;32;25;03/06/2019
2020;Volvo;S60 FWD;4;Auto(S8);23;34;27;03/06/2019
2020;Honda;RLX;6;Auto(AM-S7);28;29;28;01/08/2019
2020;Honda;RLX;6;Auto(S10);20;29;23;01/08/2019
2020;FCA US LLC;Giulia;4;Auto(A8);24;33;27;07/10/2019
2020;FCA US LLC;Giulia;6;Auto(A8);17;25;20;07/10/2019
2020;FCA US LLC;Giulia AWD;4;Auto(A8);23;31;26;07/10/2019
2020;Volkswagen Group of;A5 Sportback quattro;4;Auto(AM-S7);24;32;27;29/11/2019
2020;Volkswagen Group of;A6 quattro;4;Auto(AM-S7);24;32;27;06/09/2019
2020;Volkswagen Group of;A6 quattro;6;Auto(AM-S7);22;29;24;04/11/2019
2020;Volkswagen Group of;A7 quattro;6;Auto(AM-S7);22;29;24;04/11/2019
2020;Volkswagen Group of;S5 Sportback;6;Auto(S8);20;27;23;01/11/2019
2020;Volkswagen Group of;S6;6;Auto(S8);18;28;22;01/11/2019
2020;Volkswagen Group of;S7;6;Auto(S8);18;28;22;01/11/2019
2020;Volkswagen Group of;Flying Spur;12;Auto(AM-S8);12;19;15;20/12/2019
2020;Volkswagen Group of;Mulsanne;8;Auto(S8);10;16;12;10/04/2020
2020;BMW;530i;4;Auto(S8);25;33;28;31/07/2019
2020;BMW;530i xDrive;4;Auto(S8);24;31;27;31/07/2019
2020;BMW;540i;6;Auto(S8);22;30;25;01/10/2019
2020;BMW;540i xDrive;6;Auto(S8);22;29;25;01/08/2019
2020;BMW;840i Gran Coupe;6;Auto(S8);22;29;24;31/07/2019
2020;BMW;840i xDrive Gran Coupe;6;Auto(S8);20;27;23;01/08/2019
2020;BMW;M5;8;Auto(S8);15;21;17;31/08/2019
2020;BMW;M5 Competition;8;Auto(S8);15;21;17;31/08/2019
2020;BMW;M550i xDrive;8;Auto(S8);18;25;20;01/08/2019
2020;BMW;M8 Competition Gran Coupe;8;Auto(S8);15;21;17;31/10/2019
2020;BMW;M8 Gran Coupe;8;Auto(S8);15;21;17;31/08/2019
2020;BMW;M850i xDrive Gran Coupe;8;Auto(S8);17;25;20;31/07/2019
2020;BMW;X2 M35i;4;Auto(S8);23;30;26;01/08/2019
2020;BMW;X2 sDrive28i;4;Auto(S8);24;32;27;31/07/2019
2020;BMW;X2 xDrive28i;4;Auto(S8);24;31;27;01/08/2019
2020;General Motors;REGAL;4;Auto(S9);22;32;26;27/06/2019
2020;General Motors;REGAL AWD;4;Auto(S8);21;29;24;27/06/2019
2020;General Motors;REGAL AWD;6;Auto(S9);19;27;22;17/07/2019
2020;General Motors;CT5;4;Auto(S10);23;32;26;25/10/2019
2020;General Motors;CT5;6;Auto(S10);19;26;21;31/01/2020
2020;General Motors;CT5 AWD;4;Auto(S10);21;31;25;24/10/2019
2020;General Motors;CT5 AWD;6;Auto(S10);18;25;21;31/01/2020
2020;General Motors;CT5 V;6;Auto(S10);18;26;21;31/01/2020
2020;General Motors;CT5 V AWD;6;Auto(S10);17;25;20;31/01/2020
2020;General Motors;MALIBU;4;Auto(AV);29;36;32;05/06/2019
2020;General Motors;MALIBU;4;Auto(A9);22;32;26;13/05/2019
2020;FCA US LLC;Challenger;6;Auto(A8);19;30;23;18/11/2019
2020;FCA US LLC;Challenger;8;Auto(A8);16;25;19;16/12/2019
2020;FCA US LLC;Challenger;8;Manual(M6);15;23;18;16/12/2019
2020;FCA US LLC;Challenger;8;Auto(A8);15;24;18;18/11/2019
2020;FCA US LLC;Challenger;8;Manual(M6);14;23;17;18/11/2019
2020;FCA US LLC;Challenger AWD;6;Auto(A8);18;27;21;21/11/2019
2020;FCA US LLC;Challenger SRT;8;Auto(A8);13;22;16;18/11/2019
2020;FCA US LLC;Challenger SRT;8;Manual(M6);13;21;16;18/11/2019
2020;FCA US LLC;Challenger SRT Widebody;8;Auto(A8);13;21;15;18/11/2019
2020;FCA US LLC;Challenger SRT Widebody;8;Manual(M6);13;21;16;18/11/2019
2020;FCA US LLC;Challenger Widebody;8;Auto(A8);15;24;18;18/11/2019
2020;FCA US LLC;Challenger Widebody;8;Manual(M6);14;23;17;18/11/2019
2020;Ford Motor Company;FUSION AWD;4;Auto(S6);20;29;23;08/08/2019
2020;Ford Motor Company;FUSION FWD;4;Auto(S6);23;34;27;08/08/2019
2020;Ford Motor Company;FUSION FWD;4;Auto(S6);21;31;25;08/08/2019
2020;Ford Motor Company;FUSION FWD;4;Auto(A6);21;31;24;08/08/2019
2020;Ford Motor Company;FUSION HYBRID FWD;4;Auto(AV);43;41;42;08/08/2019
2020;Ford Motor Company;FUSION HYBRID TAXI;4;Auto(AV);43;40;41;08/08/2019
2020;Honda;ACCORD 2.0T SPORT/TOURING;4;Auto(S10);22;32;26;16/09/2019
2020;Honda;CIVIC 4Dr;4;Auto(AV);32;42;36;08/10/2019
2020;Honda;CIVIC 4Dr;4;Auto(AV-S7);30;38;33;08/10/2019
2020;Honda;CIVIC 4Dr;4;Manual(M6);26;36;30;13/08/2019
2020;Honda;CIVIC 4Dr;4;Auto(AV);30;38;33;08/10/2019
2020;Honda;CIVIC 4Dr;4;Auto(AV-S7);29;37;32;08/10/2019
2020;Honda;CIVIC 4Dr;4;Manual(M6);25;36;29;08/10/2019
2020;Honda;INSIGHT;4;Auto(AV);55;49;52;16/07/2019
2020;Honda;INSIGHT TOURING;4;Auto(AV);51;45;48;16/07/2019
2020;Hyundai;Elantra;4;Auto(AM7);33;41;36;01/05/2019
2020;Hyundai;Elantra;4;Auto(AM7);26;33;29;01/06/2019
2020;Hyundai;Elantra;4;Auto(AV);30;40;34;15/03/2019
2020;Hyundai;Elantra SE;4;Auto(AV);31;41;35;15/03/2019
2020;Hyundai;Venue;4;Auto(AV);30;34;32;15/09/2019
2020;Hyundai;Venue;4;Manual(M6);27;35;30;15/09/2019
2020;Nissan;Q50;6;Auto(S7);20;29;23;13/09/2019
2020;Nissan;Q50 AWD;6;Auto(S7);19;27;22;13/09/2019
2020;Nissan;Q50 AWD RED SPORT;6;Auto(S7);19;26;22;13/09/2019
2020;Nissan;Q50 RED SPORT;6;Auto(S7);20;26;22;13/09/2019
2020;Jaguar Land Rover L;XF;4;Auto(S8);25;34;28;08/02/2019
2020;Jaguar Land Rover L;XF 30t;4;Auto(S8);23;31;26;08/02/2019
2020;Jaguar Land Rover L;XF AWD;4;Auto(S8);23;33;27;08/02/2019
2020;Jaguar Land Rover L;XF AWD;6;Auto(S8);20;28;23;08/03/2019
2020;Jaguar Land Rover L;XF AWD 30t;4;Auto(S8);22;31;25;08/02/2019
2020;Kia;Forte;4;Auto(AM7);27;35;30;31/05/2019
2020;Kia;Forte;4;Manual(M6);25;32;28;31/05/2019
2020;Kia;Forte;4;Auto(AV);29;40;33;31/05/2019
2020;Kia;Forte;4;Manual(M6);27;37;31;31/05/2019
2020;Kia;Forte FE;4;Auto(AV);31;41;35;31/05/2019
2020;Kia;Optima Hybrid;4;Auto(AM6);40;45;42;17/05/2019
2020;Kia;Stinger AWD;4;Auto(S8);21;29;24;08/07/2019
2020;Kia;Stinger AWD;6;Auto(S8);17;25;20;08/07/2019
2020;Kia;Stinger RWD;4;Auto(S8);22;29;25;08/07/2019
2020;Kia;Stinger RWD;6;Auto(S8);17;25;20;08/07/2019
2020;Toyota;ES 300h;4;Auto(AV-S6);43;44;44;22/08/2019
2020;Toyota;ES 350;6;Auto(S8);22;32;26;22/08/2019
2020;Toyota;ES 350 F SPORT;6;Auto(S8);22;31;25;22/08/2019
2020;Toyota;GS 350;6;Auto(S8);20;28;23;26/09/2019
2020;Toyota;GS 350 AWD;6;Auto(S6);19;26;21;26/09/2019
2020;Toyota;GS 350 F SPORT;6;Auto(S8);19;27;22;26/09/2019
2020;Toyota;LS 500;6;Auto(S10);19;30;23;26/09/2019
2020;Toyota;LS 500 AWD;6;Auto(S10);18;27;21;26/09/2019
2020;Toyota;LS 500h;6;Auto(AV-S10);25;33;28;26/09/2019
2020;Toyota;LS 500h AWD;6;Auto(AV-S10);23;31;26;26/09/2019
2020;Toyota;UX 200;4;Auto(AV-S10);29;37;33;25/10/2019
2020;Ford Motor Company;MKZ AWD;4;Auto(S6);20;29;23;08/08/2019
2020;Ford Motor Company;MKZ AWD;6;Auto(S6);17;26;20;08/08/2019
2020;Ford Motor Company;MKZ FWD;4;Auto(S6);20;31;24;08/08/2019
2020;Ford Motor Company;MKZ FWD;6;Auto(S6);18;27;21;08/08/2019
2020;Ford Motor Company;MKZ HYBRID FWD;4;Auto(AV);42;39;41;08/08/2019
2020;Maserati;GHIBLI;6;Auto(A8);17;24;19;26/07/2019
2020;Maserati;GHIBLI S;6;Auto(A8);17;24;19;26/07/2019
2020;Maserati;GHIBLI S Q4;6;Auto(A8);16;24;19;26/07/2019
2020;MAZDA;MAZDA3 5-Door 2WD;4;Auto(S6);26;35;30;01/08/2019
2020;MAZDA;MAZDA3 5-Door 2WD;4;Manual(M6);25;35;29;01/08/2019
2020;MAZDA;MAZDA3 5-Door 4WD;4;Auto(S6);24;32;27;01/08/2019
2020;MAZDA;MAZDA6;4;Auto(S6);26;35;29;15/11/2019
2020;MAZDA;MAZDA6;4;Auto(S6);23;31;26;15/11/2019
2020;Mercedes-Benz;AMG E 53 4MATIC+;6;Auto(A9);21;28;24;29/07/2019
2020;Mercedes-Benz;AMG E 63 S 4MATIC+;8;Auto(A9);15;23;18;28/10/2019
2020;Mercedes-Benz;E 350;4;Auto(A9);23;32;26;27/08/2019
2020;Mercedes-Benz;E 350 4MATIC;4;Auto(A9);22;30;25;27/08/2019
2020;Mercedes-Benz;E 450 4MATIC;6;Auto(A9);20;28;23;06/08/2019
2020;BMW;COOPER COUNTRYMAN;3;Auto(AM-S7);26;33;29;31/07/2019
2020;BMW;COOPER COUNTRYMAN ALL4;3;Auto(S8);24;33;27;31/07/2019
2020;BMW;COOPER S CLUBMAN;4;Auto(AM-S7);26;34;29;31/07/2019
2020;BMW;COOPER S CLUBMAN ALL4;4;Auto(S8);23;32;26;31/07/2019
2020;BMW;COOPER S COUNTRYMAN;4;Auto(AM-S7);24;33;28;31/07/2019
2020;BMW;COOPER S COUNTRYMAN ALL4;4;Auto(S8);23;31;26;31/07/2019
2020;BMW;JCW COUNTRYMAN ALL4;4;Auto(S8);23;30;26;01/08/2019
2020;BMW;JOHN COOPER WORKS CLUBMAN ALL4;4;Auto(S8);23;31;26;01/08/2019
2020;Nissan;ALTIMA;4;Auto(AV);28;39;32;25/06/2019
2020;Nissan;ALTIMA AWD;4;Auto(AV);26;36;30;25/06/2019
2020;Nissan;ALTIMA AWD SR/PLATINUM;4;Auto(AV);25;35;29;25/06/2019
2020;Nissan;ALTIMA SR/PLATINUM;4;Auto(AV);25;34;29;25/06/2019
2020;Nissan;ALTIMA SR/PLATINUM;4;Auto(AV);27;37;31;25/06/2019
2020;Nissan;Kicks;4;Auto(AV);31;36;33;10/12/2019
2020;Nissan;MAXIMA;6;Auto(AV-S7);20;30;24;21/08/2019
2020;Nissan;Sentra;4;Auto(AV);29;39;33;28/01/2020
2020;Nissan;Sentra SR;4;Auto(AV);28;37;32;28/01/2020
2020;Rolls-Royce;Wraith;12;Auto(S8);12;18;14;31/08/2019
2020;Subaru;IMPREZA 4-Door;4;Auto(AV-S7);28;36;31;07/09/2019
2020;Subaru;IMPREZA 4-Door;4;Manual(M5);23;31;26;07/09/2019
2020;Subaru;IMPREZA 4-Door SPORT;4;Auto(AV-S7);27;36;30;07/09/2019
2020;Subaru;IMPREZA 4-Door SPORT;4;Manual(M5);23;31;26;07/09/2019
2020;Toyota;AVALON;6;Auto(S8);22;31;25;08/08/2019
2020;Toyota;AVALON HYBRID;4;Auto(AV-S6);43;43;43;08/08/2019
2020;Toyota;AVALON HYBRID XLE;4;Auto(AV-S6);43;44;44;08/08/2019
2020;Toyota;AVALON XLE;6;Auto(S8);22;32;26;08/08/2019
2020;Toyota;CAMRY;4;Auto(S8);29;41;34;06/09/2019
2020;Toyota;CAMRY;6;Auto(S8);22;33;26;06/09/2019
2020;Toyota;CAMRY AWD LE/SE;4;Auto(S8);25;34;29;05/03/2020
2020;Toyota;CAMRY AWD XLE/XSE;4;Auto(S8);25;34;28;05/03/2020
2020;Toyota;CAMRY HYBRID LE;4;Auto(AV-S6);51;53;52;06/09/2019
2020;Toyota;CAMRY HYBRID XLE/SE;4;Auto(AV-S6);44;47;46;06/09/2019
2020;Toyota;CAMRY LE/SE;4;Auto(S8);28;39;32;06/09/2019
2020;Toyota;CAMRY TRD;6;Auto(S8);22;31;25;06/09/2019
2020;Toyota;CAMRY XLE/XSE;4;Auto(S8);27;38;31;06/09/2019
2020;Toyota;CAMRY XSE;6;Auto(S8);22;32;26;06/09/2019
2020;Toyota;PRIUS;4;Auto(AV);54;50;52;16/08/2019
2020;Toyota;PRIUS AWD;4;Auto(AV);52;48;50;16/08/2019
2020;Toyota;PRIUS Eco;4;Auto(AV);58;53;56;16/08/2019
2020;Volkswagen Group of;Passat;4;Auto(S6);23;34;27;04/11/2019
2020;Volvo;S90 AWD;4;Auto(S8);21;31;25;03/06/2019
2020;Volkswagen Group of;A8L;6;Auto(S8);17;26;21;15/11/2019
2020;Volkswagen Group of;A8L;8;Auto(S8);15;23;18;01/11/2019
2020;Volkswagen Group of;S8;8;Auto(S8);13;22;16;01/11/2019
2020;BMW;740i;6;Auto(S8);22;29;24;31/03/2019
2020;BMW;740i xDrive;6;Auto(S8);20;28;23;31/03/2019
2020;BMW;750i xDrive;8;Auto(S8);17;25;20;31/03/2019
2020;BMW;Alpina B7;8;Auto(S8);17;25;20;31/07/2019
2020;BMW;M760i xDrive;12;Auto(S8);13;20;16;01/04/2019
2020;BMW;X1 sDrive28i;4;Auto(S8);24;33;27;30/08/2019
2020;BMW;X1 xDrive28i;4;Auto(S8);23;31;26;01/08/2019
2020;General Motors;CT6 AWD;6;Auto(S10);18;27;21;29/07/2019
2020;General Motors;CT6 AWD;8;Auto(S10);14;25;17;03/12/2019
2020;General Motors;IMPALA;6;Auto(S6);19;28;22;25/07/2019
2020;General Motors;IMPALA;6;Auto(S6);18;28;22;25/07/2019
2020;FCA US LLC;300;6;Auto(A8);19;30;23;18/11/2019
2020;FCA US LLC;300;8;Auto(A8);16;25;19;16/12/2019
2020;FCA US LLC;300 AWD;6;Auto(A8);18;27;21;21/11/2019
2020;FCA US LLC;Charger;6;Auto(A8);19;30;23;18/11/2019
2020;FCA US LLC;Charger;8;Auto(A8);16;25;19;16/12/2019
2020;FCA US LLC;Charger;8;Auto(A8);15;24;18;18/11/2019
2020;FCA US LLC;Charger AWD;6;Auto(A8);18;27;21;21/11/2019
2020;FCA US LLC;Charger SRT Widebody;8;Auto(A8);12;21;15;18/11/2019
2020;FCA US LLC;Charger Widebody;8;Auto(A8);15;24;18;18/11/2019
2020;Hyundai;G80 AWD;6;Auto(S8);17;24;20;31/05/2019
2020;Hyundai;G80 AWD;6;Auto(S8);18;24;20;15/05/2019
2020;Hyundai;G80 AWD;8;Auto(S8);15;23;18;31/05/2019
2020;Hyundai;G80 RWD;6;Auto(S8);17;25;20;31/05/2019
2020;Hyundai;G80 RWD;6;Auto(S8);18;26;21;15/05/2019
2020;Hyundai;G80 RWD;8;Auto(S8);16;24;19;31/05/2019
2020;Hyundai;G90 AWD;6;Auto(S8);17;25;20;15/07/2019
2020;Hyundai;G90 AWD;8;Auto(S8);15;23;18;15/07/2019
2020;Hyundai;G90 RWD;6;Auto(S8);17;25;20;15/07/2019
2020;Hyundai;G90 RWD;8;Auto(S8);16;24;19;15/07/2019
2020;Honda;ACCORD;4;Auto(AV);30;38;33;16/09/2019
2020;Honda;ACCORD;4;Auto(AV-S7);29;35;31;16/09/2019
2020;Honda;ACCORD;4;Manual(M6);26;35;30;16/09/2019
2020;Honda;ACCORD;4;Auto(AV);48;47;48;30/09/2019
2020;Honda;ACCORD;4;Auto(S10);23;34;27;16/09/2019
2020;Honda;ACCORD;4;Manual(M6);22;32;26;16/09/2019
2020;Honda;CIVIC 5DR;4;Auto(AV);31;40;34;01/08/2019
2020;Honda;CIVIC 5DR;4;Auto(AV-S7);29;35;32;01/08/2019
2020;Honda;CIVIC 5DR;4;Manual(M6);29;37;32;01/08/2019
2020;Honda;CIVIC 5DR;4;Manual(M6);22;28;25;28/02/2020
2020;Hyundai;Elantra GT;4;Auto(AM-S7);25;32;28;29/06/2019
2020;Hyundai;Elantra GT;4;Manual(M6);23;30;26;28/06/2019
2020;Hyundai;Elantra GT;4;Auto(S6);25;32;27;28/06/2019
2020;Hyundai;Ioniq;4;Auto(AM6);55;54;55;01/11/2019
2020;Hyundai;Ioniq Blue;4;Auto(AM6);57;59;58;01/11/2019
2020;Hyundai;Sonata;4;Auto(S8);27;36;31;25/10/2019
2020;Hyundai;Sonata;4;Auto(S8);27;37;31;28/10/2019
2020;Hyundai;Sonata;4;Auto(S8);28;38;32;28/10/2019
2020;Hyundai;Sonata Hybrid;4;Auto(AM-S6);45;51;47;06/02/2020
2020;Hyundai;Sonata Hybrid Blue;4;Auto(AM-S6);50;54;52;06/02/2020
2020;Kia;Cadenza;6;Auto(S8);20;28;23;15/01/2020
2020;Kia;K900;6;Auto(S8);18;25;21;20/06/2019
2020;Kia;Optima;4;Auto(AM7);27;37;31;01/06/2019
2020;Kia;Optima;4;Auto(S6);21;30;24;01/06/2019
2020;Kia;Optima;4;Auto(S6);24;32;27;01/06/2019
2020;Kia;Optima FE;4;Auto(S6);25;35;29;01/06/2019
2020;Ford Motor Company;CONTINENTAL AWD;6;Auto(S6);17;25;20;24/10/2019
2020;Ford Motor Company;CONTINENTAL AWD;6;Auto(S6);16;24;19;24/10/2019
2020;Ford Motor Company;CONTINENTAL AWD;6;Auto(S6);16;24;19;24/10/2019
2020;Ford Motor Company;CONTINENTAL COACH;6;Auto(S6);16;24;19;07/10/2019
2020;Ford Motor Company;CONTINENTAL FWD;6;Auto(S6);18;27;21;24/10/2019
2020;Ford Motor Company;CONTINENTAL FWD;6;Auto(S6);17;26;20;24/10/2019
2020;Maserati;QUATTROPORTE GTS;8;Auto(A8);15;22;17;26/07/2019
2020;Maserati;QUATTROPORTE S;6;Auto(A8);17;24;19;26/07/2019
2020;Maserati;QUATTROPORTE S Q4;6;Auto(A8);16;23;18;26/07/2019
2020;Mercedes-Benz;AMG S 63 4MATIC+;8;Auto(A9);17;26;20;16/10/2019
2020;Mercedes-Benz;AMG S 65;12;Auto(A7);13;22;16;10/12/2019
2020;Mercedes-Benz;Maybach S 650;12;Auto(A7);13;21;16;10/12/2019
2020;Mercedes-Benz;S 450;6;Auto(A9);19;28;22;05/08/2019
2020;Mercedes-Benz;S 450 4MATIC;6;Auto(A9);18;28;22;05/08/2019
2020;Mercedes-Benz;S 560;8;Auto(A9);17;27;21;16/10/2019
2020;Mercedes-Benz;S 560 4MATIC;8;Auto(A9);17;27;21;16/10/2019
2020;Mercedes-Benz;S 560 4MATIC Maybach;8;Auto(A9);16;25;19;16/10/2019
2020;Porsche;Panamera;6;Auto(AM-S8);19;27;22;16/08/2019
2020;Porsche;Panamera 4;6;Auto(AM-S8);19;26;22;16/08/2019
2020;Porsche;Panamera 4 Executive;6;Auto(AM-S8);19;26;22;16/08/2019
2020;Porsche;Panamera 4 ST;6;Auto(AM-S8);19;26;22;16/08/2019
2020;Porsche;Panamera 4S;6;Auto(AM-S8);18;26;21;16/08/2019
2020;Porsche;Panamera 4S Executive;6;Auto(AM-S8);18;26;21;16/08/2019
2020;Porsche;Panamera 4S ST;6;Auto(AM-S8);18;24;20;16/08/2019
2020;Porsche;Panamera GTS;8;Auto(AM-S8);16;23;19;16/08/2019
2020;Porsche;Panamera GTS ST;8;Auto(AM-S8);15;22;18;16/08/2019
2020;Porsche;Panamera Turbo;8;Auto(AM-S8);18;25;21;16/08/2019
2020;Porsche;Panamera Turbo Exec;8;Auto(AM-S8);18;25;21;16/08/2019
2020;Porsche;Panamera Turbo ST;8;Auto(AM-S8);18;23;20;16/08/2019
2020;Rolls-Royce;Ghost;12;Auto(S8);12;18;14;31/08/2019
2020;Rolls-Royce;Ghost EWB;12;Auto(S8);12;18;14;31/08/2019
2020;Rolls-Royce;Phantom;12;Auto(S8);12;20;14;31/08/2019
2020;Rolls-Royce;Phantom EWB;12;Auto(S8);12;20;14;31/08/2019
2020;Subaru;LEGACY;4;Auto(AV-S8);24;32;27;29/06/2019
2020;Subaru;LEGACY;4;Auto(AV-S8);27;35;30;29/06/2019
2020;Volkswagen Group of;Arteon;4;Auto(S8);22;29;25;20/12/2019
2020;Volkswagen Group of;Arteon 4Motion;4;Auto(S8);20;29;23;20/12/2019
2020;Volkswagen Group of;A4 allroad quattro;4;Auto(AM-S7);23;31;26;29/11/2019
2020;General Motors;REGAL TOUR X AWD;4;Auto(S8);21;29;24;27/06/2019
2020;General Motors;SONIC 5;4;Auto(S6);26;34;29;20/06/2019
2020;FCA US LLC;500L;4;Auto(A6);22;30;25;22/07/2019
2020;Honda;FIT;4;Auto(AV);33;40;36;15/12/2019
2020;Honda;FIT;4;Auto(AV-S7);31;36;33;15/12/2019
2020;Honda;FIT;4;Manual(M6);29;36;31;15/12/2019
2020;Honda;HR-V AWD;4;Auto(AV);27;31;29;16/10/2019
2020;Honda;HR-V AWD;4;Auto(AV-S7);26;31;28;16/10/2019
2020;Honda;HR-V FWD;4;Auto(AV);28;34;30;16/10/2019
2020;Honda;HR-V FWD;4;Auto(AV-S7);28;34;30;16/10/2019
2020;Kia;Niro;4;Auto(AM6);51;46;49;15/11/2019
2020;Kia;Niro FE;4;Auto(AM6);52;49;50;15/11/2019
2020;Kia;Niro Touring;4;Auto(AM6);46;40;43;15/11/2019
2020;Kia;Soul;4;Auto(AM-S7);27;32;29;02/01/2019
2020;Kia;Soul;4;Auto(AV);27;33;30;02/01/2019
2020;Kia;Soul;4;Manual(M6);25;31;27;02/01/2019
2020;Kia;Soul Eco dynamics;4;Auto(AV);29;35;31;02/01/2019
2020;Nissan;Rogue Sport;4;Auto(AV-S8);25;32;28;19/11/2019
2020;Nissan;Rogue Sport AWD;4;Auto(AV-S8);24;30;27;19/11/2019
2020;Subaru;IMPREZA 5-Door;4;Auto(AV-S7);28;36;31;07/09/2019
2020;Subaru;IMPREZA 5-Door;4;Manual(M5);24;31;26;07/09/2019
2020;Subaru;IMPREZA 5-Door SPORT;4;Auto(AV-S7);27;35;30;07/09/2019
2020;Subaru;IMPREZA 5-Door SPORT;4;Manual(M5);22;30;25;07/09/2019
2020;Volvo;V60 CC AWD;4;Auto(S8);22;31;25;03/06/2019
2020;Volvo;V60 FWD;4;Auto(S8);23;34;27;03/06/2019
2020;Volkswagen Group of;A6 Allroad;6;Auto(AM-S7);20;26;22;04/11/2019
2020;Jaguar Land Rover L;XF Sportbrake AWD;4;Auto(S8);21;28;24;08/02/2019
2020;Jaguar Land Rover L;XF Sportbrake AWD;6;Auto(S8);18;25;21;08/03/2019
2020;Mercedes-Benz;AMG E 63 S 4MATIC+ (SW);8;Auto(A9);16;23;19;25/10/2019
2020;Mercedes-Benz;E 450 4MATIC (station wagon);6;Auto(A9);19;26;22;06/08/2019
2020;Nissan;MURANO AWD;6;Auto(AV-S7);20;28;23;18/09/2019
2020;Nissan;MURANO FWD;6;Auto(AV-S7);20;28;23;18/09/2019
2020;Rolls-Royce;Cullinan;12;Auto(S8);12;20;14;31/08/2019
2020;Rolls-Royce;Cullinan Black Badge;12;Auto(S8);12;20;14;31/08/2019
2020;Volvo;V90 AWD;4;Auto(S8);21;31;25;03/06/2019
2020;Volvo;V90 CC AWD;4;Auto(S8);20;30;24;03/06/2019
2020;Volvo;V90 FWD;4;Auto(S8);22;33;26;03/06/2019
2020;General Motors;COLORADO 2WD;4;Auto(A6);20;26;22;15/07/2019
2020;General Motors;COLORADO 2WD;4;Auto(A6);20;30;23;15/07/2019
2020;General Motors;COLORADO 2WD;6;Auto(A8);18;25;20;15/07/2019
2020;General Motors;CANYON 2WD;4;Auto(A6);20;26;22;15/07/2019
2020;General Motors;CANYON 2WD;4;Auto(A6);20;30;23;15/07/2019
2020;General Motors;CANYON 2WD;6;Auto(A8);18;25;20;15/07/2019
2020;Honda;RIDGELINE FWD;6;Auto(S9);19;26;22;16/12/2019
2020;Toyota;TACOMA 2WD;4;Auto(S6);20;23;21;05/09/2019
2020;Toyota;TACOMA 2WD;6;Auto(S6);19;24;21;05/09/2019
2020;General Motors;COLORADO 4WD;4;Auto(A6);19;24;21;15/07/2019
2020;General Motors;COLORADO 4WD;4;Auto(A6);19;28;22;15/07/2019
2020;General Motors;COLORADO 4WD;6;Auto(A8);17;24;19;15/07/2019
2020;General Motors;COLORADO ZR2 4WD;4;Auto(A6);18;22;19;15/07/2019
2020;General Motors;COLORADO ZR2 4WD;6;Auto(A8);16;18;17;15/07/2019
2020;General Motors;CANYON 4WD;4;Auto(A6);19;24;21;15/07/2019
2020;General Motors;CANYON 4WD;4;Auto(A6);19;28;22;15/07/2019
2020;General Motors;CANYON 4WD;6;Auto(A8);17;24;19;15/07/2019
2020;Toyota;TACOMA 4WD;4;Auto(S6);19;22;20;05/09/2019
2020;Toyota;TACOMA 4WD;6;Auto(S6);18;22;20;05/09/2019
2020;Toyota;TACOMA 4WD;6;Manual(M6);17;21;18;05/09/2019
2020;Toyota;TACOMA 4WD D-CAB MT TRD-ORP/PRO;6;Manual(M6);17;20;18;05/09/2019
2020;General Motors;SILVERADO 2WD;4;Auto(A8);19;22;20;05/08/2019
2020;General Motors;SILVERADO 2WD;4;Auto(A8);20;23;21;05/08/2019
2020;General Motors;SILVERADO 2WD;6;Auto(A10);23;33;27;05/08/2019
2020;General Motors;SILVERADO 2WD;6;Auto(A6);16;21;17;05/08/2019
2020;General Motors;SILVERADO 2WD;8;Auto(A6);15;21;17;05/08/2019
2020;General Motors;SILVERADO 2WD;8;Auto(A6);15;19;16;05/08/2019
2020;General Motors;SILVERADO 2WD;8;Auto(A8);17;23;19;05/08/2019
2020;General Motors;SILVERADO 2WD;8;Auto(A8);17;24;20;05/08/2019
2020;Ford Motor Company;F150 2WD BASE PAYLOAD LT TIRE;6;Auto(S10);21;28;24;14/10/2019
2020;Ford Motor Company;F150 2WD FFV BASE PAYLOAD LT;8;Auto(S10);16;21;18;14/10/2019
2020;Ford Motor Company;F150 5.0L 2WD FFV GVWR>7599 LBS;8;Auto(S10);15;20;17;14/10/2019
2020;Ford Motor Company;F150 PICKUP 2WD;6;Auto(S10);20;26;22;14/10/2019
2020;Ford Motor Company;F150 PICKUP 2WD;6;Auto(S10);21;29;24;14/10/2019
2020;Ford Motor Company;F150 PICKUP 2WD;6;Auto(S10);17;23;19;14/10/2019
2020;Ford Motor Company;F150 PICKUP 2WD FFV;6;Auto(S6);19;25;22;14/10/2019
2020;Ford Motor Company;F150 PICKUP 2WD FFV;8;Auto(S10);17;23;19;14/10/2019
2020;Ford Motor Company;F150 PICKUP 2WD LIMITED;6;Auto(S10);17;22;19;14/10/2019
2020;Ford Motor Company;RANGER 2WD;4;Auto(S10);21;26;23;21/11/2019
2020;General Motors;SIERRA 2WD;4;Auto(A8);19;22;20;05/08/2019
2020;General Motors;SIERRA 2WD;4;Auto(A8);20;23;21;05/08/2019
2020;General Motors;SIERRA 2WD;6;Auto(A10);23;30;26;05/08/2019
2020;General Motors;SIERRA 2WD;6;Auto(A6);16;21;17;05/08/2019
2020;General Motors;SIERRA 2WD;8;Auto(A6);15;21;17;05/08/2019
2020;General Motors;SIERRA 2WD;8;Auto(A6);15;19;16;05/08/2019
2020;General Motors;SIERRA 2WD;8;Auto(A8);17;23;19;05/08/2019
2020;General Motors;SIERRA 2WD;8;Auto(A8);17;24;20;05/08/2019
2020;Nissan;FRONTIER 2WD;6;Auto(S9);18;24;20;24/04/2020
2020;Nissan;TITAN 2WD;8;Auto(S9);16;22;18;16/01/2020
2020;FCA US LLC;1500 4X2;6;Auto(A8);22;32;26;04/10/2019
2020;FCA US LLC;1500 4X2;6;Auto(A8);20;25;22;22/07/2019
2020;FCA US LLC;1500 4X2;8;Auto(A8);17;23;19;21/01/2019
2020;FCA US LLC;1500 4X2;8;Auto(A8);15;22;17;23/01/2019
2020;FCA US LLC;1500 Classic 4X2;6;Auto(A8);17;25;20;16/12/2019
2020;FCA US LLC;1500 Classic 4X2;8;Auto(A8);15;22;17;16/12/2019
2020;FCA US LLC;1500 HFE 4X2;6;Auto(A8);20;26;23;22/07/2019
2020;Roush;F150 Pickup 2WD;8;Auto(S10);11;15;13;13/12/2019
2020;Toyota;TUNDRA 2WD;8;Auto(S6);13;18;15;08/08/2019
2020;General Motors;SILVERADO 4WD;4;Auto(A8);19;22;20;05/08/2019
2020;General Motors;SILVERADO 4WD;4;Auto(A8);19;22;20;05/08/2019
2020;General Motors;SILVERADO 4WD;6;Auto(A10);23;29;25;05/08/2019
2020;General Motors;SILVERADO 4WD;6;Auto(A6);15;20;17;05/08/2019
2020;General Motors;SILVERADO 4WD;8;Auto(A10);16;22;19;05/08/2019
2020;General Motors;SILVERADO 4WD;8;Auto(A6);15;20;17;05/08/2019
2020;General Motors;SILVERADO 4WD;8;Auto(A6);14;18;16;05/08/2019
2020;General Motors;SILVERADO 4WD;8;Auto(A8);16;22;18;05/08/2019
2020;General Motors;SILVERADO 4WD;8;Auto(A10);16;20;17;05/08/2019
2020;General Motors;SILVERADO 4WD TRAILBOSS;6;Auto(A6);14;18;16;05/08/2019
2020;General Motors;SILVERADO 4WD TRAILBOSS;8;Auto(A10);16;21;18;05/08/2019
2020;General Motors;SILVERADO 4WD TRAILBOSS;8;Auto(A6);14;18;16;05/08/2019
2020;General Motors;SILVERADO 4WD TRAILBOSS;8;Auto(A8);16;21;18;05/08/2019
2020;General Motors;SILVERADO 4WD TRAILBOSS;8;Auto(A10);15;19;17;01/11/2019
2020;General Motors;SILVERADO 4WD TRAILBOSS;8;Auto(A10);14;18;15;01/11/2019
2020;Ford Motor Company;F150 PICKUP 4WD;6;Auto(S10);18;23;20;14/10/2019
2020;Ford Motor Company;F150 PICKUP 4WD;6;Auto(S10);20;25;22;14/10/2019
2020;Ford Motor Company;F150 PICKUP 4WD;6;Auto(S10);16;22;18;14/10/2019
2020;Ford Motor Company;F150 PICKUP 4WD FFV;6;Auto(S6);18;23;20;14/10/2019
2020;Ford Motor Company;F150 PICKUP 4WD FFV;8;Auto(S10);15;21;18;14/10/2019
2020;Ford Motor Company;F150 PICKUP 4WD LIMITED;6;Auto(S10);17;21;19;14/10/2019
2020;Ford Motor Company;F150 PICKUP 4WD XL/XLT;6;Auto(S10);21;28;24;14/10/2019
2020;Ford Motor Company;F150 RAPTOR 4WD;6;Auto(S10);15;18;16;14/10/2019
2020;Ford Motor Company;RANGER 4WD;4;Auto(S10);20;24;22;21/11/2019
2020;General Motors;SIERRA 4WD;4;Auto(A8);19;22;20;05/08/2019
2020;General Motors;SIERRA 4WD;4;Auto(A8);19;22;20;05/08/2019
2020;General Motors;SIERRA 4WD;6;Auto(A10);22;26;24;18/05/2020
2020;General Motors;SIERRA 4WD;6;Auto(A6);15;20;17;05/08/2019
2020;General Motors;SIERRA 4WD;8;Auto(A10);16;22;19;05/08/2019
2020;General Motors;SIERRA 4WD;8;Auto(A6);15;20;17;05/08/2019
2020;General Motors;SIERRA 4WD;8;Auto(A6);14;19;16;05/08/2019
2020;General Motors;SIERRA 4WD;8;Auto(A8);16;22;18;05/08/2019
2020;General Motors;SIERRA 4WD;8;Auto(A10);15;20;17;05/08/2019
2020;General Motors;SIERRA 4WD AT4;6;Auto(A10);22;26;24;18/05/2020
2020;General Motors;SIERRA 4WD AT4;8;Auto(A10);16;21;18;05/08/2019
2020;General Motors;SIERRA 4WD AT4;8;Auto(A6);14;18;16;05/08/2019
2020;General Motors;SIERRA 4WD AT4;8;Auto(A8);16;21;18;05/08/2019
2020;General Motors;SIERRA 4WD AT4;8;Auto(A10);15;19;17;05/08/2019
2020;Honda;RIDGELINE AWD;6;Auto(S9);19;24;21;16/12/2019
2020;FCA US LLC;Gladiator Pickup 4x4;6;Auto(A8);17;22;19;31/03/2019
2020;FCA US LLC;Gladiator Pickup 4x4;6;Manual(M6);16;23;19;31/03/2019
2020;Nissan;FRONTIER 4WD;6;Auto(S9);17;23;19;24/04/2020
2020;Nissan;TITAN 4WD;8;Auto(S9);15;21;18;16/01/2020
2020;Nissan;TITAN 4WD PRO-4X;8;Auto(S9);15;21;17;16/01/2020
2020;FCA US LLC;1500 4X4;6;Auto(A8);21;29;24;04/10/2019
2020;FCA US LLC;1500 4X4;6;Auto(A8);19;24;21;22/07/2019
2020;FCA US LLC;1500 4X4;8;Auto(A8);17;22;19;23/01/2019
2020;FCA US LLC;1500 4X4;8;Auto(A8);15;21;17;21/01/2019
2020;FCA US LLC;1500 Classic 4X4;6;Auto(A8);16;23;19;16/12/2019
2020;FCA US LLC;1500 Classic 4X4;8;Auto(A8);15;21;17;16/12/2019
2020;Roush;F150 Pickup 4WD;8;Auto(S10);11;15;13;13/12/2019
2020;Toyota;TUNDRA 4WD;8;Auto(S6);13;17;14;08/08/2019
2020;Ford Motor Company;TRANSIT T150 WAGON 2WD FFV;6;Auto(S10);15;19;17;18/11/2019
2020;Ford Motor Company;TRANSIT T150 WAGON 4WD FFV;6;Auto(S10);14;19;16;18/11/2019
2020;Ford Motor Company;RANGER 2WD INCOMPLETE;4;Auto(S10);19;18;18;21/11/2019
2020;Ford Motor Company;TRANSIT CONNECT USPS;4;Auto(S6);20;27;22;28/05/2019
2020;Ford Motor Company;Transit Connect Van 2WD;4;Auto(S8);24;27;25;28/05/2019
2020;Ford Motor Company;Transit Connect Van 2WD;4;Auto(S6);20;27;22;28/05/2019
2020;Ford Motor Company;TRANSIT CONNECT VAN FFV;4;Auto(S8);24;27;25;28/05/2019
2020;Ford Motor Company;TRANSIT CONNECT WAGON LWB FFV;4;Auto(S8);24;29;26;28/05/2019
2020;Ford Motor Company;Transit Connect Wagon LWB FWD;4;Auto(S8);24;29;26;28/05/2019
2020;Ford Motor Company;Transit Connect Wagon LWB FWD;4;Auto(S6);20;26;22;28/05/2019
2020;Mercedes-Benz;GLB 250;4;Auto(AM8);23;30;26;15/10/2019
2020;Mercedes-Benz;Metris (Cargo Van);4;Auto(A7);21;24;22;20/08/2019
2020;Mercedes-Benz;Metris (Cargo Van);4;Auto(A7);20;24;22;20/08/2019
2020;Mercedes-Benz;Metris (Cargo Van, LWB);4;Auto(A7);21;24;22;20/08/2019
2020;Mercedes-Benz;Metris (Cargo Van, LWB);4;Auto(A7);20;24;22;20/08/2019
2020;Mercedes-Benz;Metris (Passenger Van);4;Auto(A7);20;24;21;20/08/2019
2020;Mercedes-Benz;Metris (Passenger Van);4;Auto(A7);19;23;21;20/08/2019
2020;Nissan;NV200 Cargo Van;4;Auto(AV);24;26;25;09/10/2019
2020;FCA US LLC;Promaster City;4;Auto(A9);21;28;24;19/08/2019
2020;General Motors;SILVERADO 2WD CAB CHASSIS;6;Auto(A6);15;19;17;05/08/2019
2020;General Motors;SILVERADO 2WD CAB CHASSIS;8;Auto(A6);14;18;15;05/08/2019
2020;General Motors;SILVERADO 4WD CAB CHASSIS;6;Auto(A6);14;16;15;05/08/2019
2020;General Motors;SILVERADO 4WD CAB CHASSIS;8;Auto(A6);14;17;15;05/08/2019
2020;General Motors;SIERRA 2WD CAB CHASSIS;6;Auto(A6);15;19;17;05/08/2019
2020;General Motors;SIERRA 2WD CAB CHASSIS;8;Auto(A6);14;18;15;05/08/2019
2020;General Motors;SIERRA 4WD CAB CHASSIS;6;Auto(A6);14;16;15;05/08/2019
2020;General Motors;SIERRA 4WD CAB CHASSIS;8;Auto(A6);14;17;15;05/08/2019
2020;FCA US LLC;Pacifica;6;Auto(A9);19;28;22;12/08/2019
2020;FCA US LLC;Voyager;6;Auto(A9);19;28;22;12/08/2019
2020;FCA US LLC;Grand Caravan;6;Auto(A6);17;25;20;30/12/2019
2020;Honda;ODYSSEY FWD;6;Auto(S10);19;28;22;13/08/2019
2020;Kia;Sedona;6;Auto(S8);18;24;21;01/05/2019
2020;Toyota;SIENNA;6;Auto(S8);19;26;21;15/04/2019
2020;FCA US LLC;Pacifica AWD;6;Auto(A9);17;25;20;10/08/2020
2020;Toyota;SIENNA AWD;6;Auto(S8);18;24;20;15/04/2019
2020;Honda;MDX FWD;6;Auto(S9);20;27;23;16/07/2019
2020;Honda;RDX FWD;4;Auto(S10);22;28;24;02/05/2019
2020;Honda;RDX FWD A-SPEC;4;Auto(S10);22;27;24;02/05/2019
2020;FCA US LLC;Stelvio;4;Auto(A8);22;29;25;07/10/2019
2020;BMW;X3 sDrive30i;4;Auto(S8);25;29;27;01/08/2019
2020;General Motors;ENCORE FWD;4;Auto(S6);25;30;27;14/06/2019
2020;General Motors;ENCORE GX FWD;3;Auto(AV);26;30;28;10/01/2020
2020;General Motors;ENCORE GX FWD;3;Auto(AV);30;32;31;13/12/2019
2020;General Motors;ENVISION FWD;4;Auto(A6);22;29;25;16/05/2019
2020;General Motors;XT4 FWD;4;Auto(S9);24;30;26;17/06/2019
2020;General Motors;XT5 FWD;4;Auto(S9);21;28;24;25/11/2019
2020;General Motors;XT5 FWD;6;Auto(S9);18;26;21;05/08/2019
2020;General Motors;XT6 FWD;6;Auto(S9);18;25;20;13/05/2019
2020;General Motors;BLAZER FWD;4;Auto(A9);21;28;24;12/11/2019
2020;General Motors;BLAZER FWD;4;Auto(A9);21;27;23;05/08/2019
2020;General Motors;BLAZER FWD;6;Auto(A9);19;26;21;26/08/2019
2020;General Motors;EQUINOX FWD;4;Auto(A6);26;31;28;04/06/2019
2020;General Motors;EQUINOX FWD;4;Auto(A9);22;29;25;18/05/2020
2020;General Motors;TRAX FWD;4;Auto(S6);26;31;28;14/06/2019
2020;FCA US LLC;Journey;4;Auto(A4);19;25;21;13/01/2020
2020;Ford Motor Company;ECOSPORT FWD;3;Auto(S6);27;29;28;15/07/2019
2020;Ford Motor Company;EDGE FWD;4;Auto(A8);21;29;24;16/09/2019
2020;Ford Motor Company;ESCAPE FWD;3;Auto(A8);27;33;30;16/09/2019
2020;Ford Motor Company;ESCAPE FWD HEV;4;Auto(AV);44;37;41;26/11/2019
2020;General Motors;TERRAIN FWD;4;Auto(A9);26;30;27;04/06/2019
2020;General Motors;TERRAIN FWD;4;Auto(A9);22;28;24;07/06/2019
2020;Honda;CR-V FWD;4;Auto(AV);28;34;30;05/11/2019
2020;Honda;PASSPORT FWD;6;Auto(S9);20;25;22;28/10/2019
2020;Honda;PILOT FWD;6;Auto(A6);19;27;22;30/07/2019
2020;Honda;PILOT FWD;6;Auto(S9);20;27;23;30/07/2019
2020;Hyundai;Kona FWD;4;Auto(AM7);28;32;30;30/04/2019
2020;Hyundai;Kona FWD;4;Auto(S6);27;33;30;30/04/2019
2020;Hyundai;Santa Fe FWD;4;Auto(S8);20;27;23;01/06/2019
2020;Hyundai;Santa Fe FWD;4;Auto(S8);22;29;25;01/06/2019
2020;Hyundai;Tucson FWD;4;Auto(S6);23;28;25;22/05/2019
2020;Hyundai;Tucson FWD;4;Auto(S6);22;28;25;22/05/2019
2020;Nissan;QX50;4;Auto(AV-S8);23;29;26;20/09/2019
2020;Nissan;QX60 FWD;6;Auto(AV-S7);20;27;22;21/06/2019
2020;FCA US LLC;Cherokee FWD;4;Auto(A9);23;31;26;22/07/2019
2020;FCA US LLC;Cherokee FWD;4;Auto(A9);22;31;25;22/07/2019
2020;FCA US LLC;Cherokee FWD;6;Auto(A9);20;29;23;22/07/2019
2020;FCA US LLC;Compass 4X2;4;Auto(A6);22;31;25;05/08/2019
2020;FCA US LLC;Compass 4X2;4;Manual(M6);23;32;26;05/08/2019
2020;FCA US LLC;Renegade 4x2;4;Auto(A9);24;32;27;09/09/2019
2020;FCA US LLC;Renegade 4x2;4;Auto(A9);22;30;25;09/09/2019
2020;Kia;Sorento FWD;4;Auto(S6);22;29;25;02/07/2019
2020;Kia;Sorento FWD;6;Auto(S8);19;26;22;02/07/2019
2020;Kia;Sportage FWD;4;Auto(S6);20;28;23;15/02/2019
2020;Kia;Sportage FWD;4;Auto(S6);23;30;26;15/02/2019
2020;Kia;Telluride FWD;6;Auto(S8);20;26;23;15/02/2019
2020;Toyota;NX 300;4;Auto(S6);22;28;25;27/05/2019
2020;Toyota;RX 350;6;Auto(S8);20;27;23;25/08/2019
2020;Toyota;RX 350L;6;Auto(S8);19;26;22;25/08/2019
2020;Ford Motor Company;CORSAIR FWD;4;Auto(S8);22;29;25;16/09/2019
2020;Ford Motor Company;NAUTILUS FWD;4;Auto(S8);21;26;23;06/09/2019
2020;MAZDA;CX-30 2WD;4;Auto(S6);25;33;28;01/12/2019
2020;MAZDA;CX-30 2WD;4;Auto(S6);25;33;28;01/12/2019
2020;MAZDA;CX-5 2WD;4;Auto(S6);25;31;28;18/11/2019
2020;MAZDA;CX-9 2WD;4;Auto(S6);22;28;24;18/11/2019
2020;Mercedes-Benz;GLA 250;4;Auto(AM7);24;34;28;05/09/2019
2020;Mercedes-Benz;GLC 300;4;Auto(A9);22;29;24;09/08/2019
2020;Mitsubishi Motors Co;ECLIPSE CROSS 2WD;4;Auto(AV-S8);25;28;26;01/07/2019
2020;Mitsubishi Motors Co;ECLIPSE CROSS ES 2WD;4;Auto(AV-S8);26;29;27;01/07/2019
2020;Mitsubishi Motors Co;OUTLANDER 2WD;4;Auto(AV-S6);25;30;27;01/06/2019
2020;Mitsubishi Motors Co;OUTLANDER SPORT 2WD;4;Auto(AV-S6);24;30;27;01/08/2019
2020;Mitsubishi Motors Co;OUTLANDER SPORT 2WD;4;Auto(AV-S6);23;29;25;01/09/2019
2020;Nissan;PATHFINDER 2WD;6;Auto(AV);20;27;23;13/09/2019
2020;Nissan;ROGUE FWD;4;Auto(AV);26;33;29;19/07/2019
2020;Toyota;HIGHLANDER;6;Auto(S8);20;28;23;05/12/2019
2020;Toyota;HIGHLANDER;6;Auto(S8);21;29;24;05/12/2019
2020;Toyota;HIGHLANDER HYBRID;4;Auto(AV-S6);36;35;36;06/02/2020
2020;Toyota;RAV4;4;Auto(S8);27;35;30;10/10/2019
2020;Toyota;RAV4;4;Auto(S8);28;35;30;10/10/2019
2020;Volkswagen Group of;Atlas;4;Auto(S8);20;24;22;11/10/2019
2020;Volkswagen Group of;Atlas;6;Auto(S8);17;23;19;17/01/2020
2020;Volkswagen Group of;Atlas Cross Sport;4;Auto(S8);21;24;22;20/09/2019
2020;Volkswagen Group of;Atlas Cross Sport;6;Auto(S8);17;23;19;17/01/2020
2020;Volkswagen Group of;Tiguan;4;Auto(S8);22;29;25;20/09/2019
2020;Volvo;XC40 FWD;4;Auto(S8);23;33;27;03/06/2019
2020;Volvo;XC60 FWD;4;Auto(S8);22;29;24;03/06/2019
2020;Honda;MDX AWD;6;Auto(AM-S7);26;27;27;17/07/2019
2020;Honda;MDX AWD;6;Auto(S9);19;26;22;16/07/2019
2020;Honda;MDX AWD A-spec;6;Auto(S9);19;25;21;16/07/2019
2020;Honda;RDX AWD;4;Auto(S10);21;27;23;02/05/2019
2020;Honda;RDX AWD A-SPEC;4;Auto(S10);21;26;23;02/05/2019
2020;FCA US LLC;Stelvio AWD;4;Auto(A8);22;28;24;07/10/2019
2020;FCA US LLC;Stelvio AWD;6;Auto(A8);17;23;19;30/09/2019
2020;Volkswagen Group of;Q3 quattro;4;Auto(S8);19;27;22;30/08/2019
2020;Volkswagen Group of;Q5;4;Auto(S7);22;28;24;20/09/2019
2020;Volkswagen Group of;SQ5;6;Auto(S8);18;23;20;01/11/2019
2020;BMW;X3 M;6;Auto(S8);14;19;16;01/07/2019
2020;BMW;X3 M Competition;6;Auto(S8);14;19;16;01/07/2019
2020;BMW;X3 M40i;6;Auto(S8);21;27;23;01/08/2019
2020;BMW;X3 xDrive30i;4;Auto(S8);24;29;26;01/08/2019
2020;BMW;X4 M;6;Auto(S8);14;19;16;01/07/2019
2020;BMW;X4 M Competition;6;Auto(S8);14;19;16;01/07/2019
2020;BMW;X4 M40i;6;Auto(S8);21;27;23;01/08/2019
2020;BMW;X4 xDrive30i;4;Auto(S8);23;28;25;01/08/2019
2020;General Motors;ENCORE AWD;4;Auto(S6);24;29;26;14/06/2019
2020;General Motors;ENCORE GX AWD;3;Auto(A9);26;29;28;13/12/2019
2020;General Motors;ENVISION AWD;4;Auto(A9);20;25;22;18/05/2020
2020;General Motors;ENVISION AWD;4;Auto(A6);21;27;24;16/05/2019
2020;General Motors;XT4 AWD;4;Auto(S9);22;29;24;17/06/2019
2020;General Motors;XT5 AWD;4;Auto(S9);21;26;23;25/11/2019
2020;General Motors;XT5 AWD;6;Auto(S9);18;25;20;05/08/2019
2020;General Motors;XT6 AWD;6;Auto(S9);17;24;20;13/05/2019
2020;General Motors;BLAZER AWD;4;Auto(A9);21;27;23;12/11/2019
2020;General Motors;BLAZER AWD;6;Auto(A9);18;25;21;26/08/2019
2020;General Motors;EQUINOX AWD;4;Auto(A6);25;30;27;05/08/2019
2020;General Motors;EQUINOX AWD;4;Auto(A9);22;28;24;18/05/2020
2020;General Motors;TRAX AWD;4;Auto(S6);24;29;26;14/06/2019
2020;FCA US LLC;500X AWD;4;Auto(A9);24;30;26;21/10/2019
2020;Ford Motor Company;ECOSPORT AWD;4;Auto(S6);23;29;25;15/07/2019
2020;Ford Motor Company;EDGE AWD;4;Auto(A8);21;28;23;16/09/2019
2020;Ford Motor Company;EDGE AWD;4;Auto(S8);21;28;23;16/09/2019
2020;Ford Motor Company;EDGE AWD;6;Auto(S8);19;26;21;16/09/2019
2020;Ford Motor Company;ESCAPE AWD;3;Auto(A8);26;31;28;24/10/2019
2020;Ford Motor Company;ESCAPE AWD;4;Auto(S8);23;31;26;24/10/2019
2020;Ford Motor Company;ESCAPE AWD HEV;4;Auto(AV);43;37;40;24/10/2019
2020;General Motors;TERRAIN AWD;4;Auto(A9);25;28;26;04/06/2019
2020;General Motors;TERRAIN AWD;4;Auto(A9);21;26;23;18/05/2020
2020;Honda;CR-V AWD;4;Auto(AV);27;32;29;05/11/2019
2020;Honda;CR-V AWD;4;Auto(AV);40;35;38;01/03/2020
2020;Honda;PASSPORT AWD;6;Auto(S9);19;24;21;28/10/2019
2020;Honda;PILOT AWD;6;Auto(A6);18;26;21;30/07/2019
2020;Honda;PILOT AWD;6;Auto(S9);19;26;22;30/07/2019
2020;Hyundai;Kona AWD;4;Auto(AM7);26;29;27;30/04/2019
2020;Hyundai;Kona AWD;4;Auto(S6);26;30;28;30/04/2019
2020;Hyundai;Santa Fe AWD;4;Auto(S8);20;26;22;01/06/2019
2020;Hyundai;Santa Fe AWD;4;Auto(S8);21;27;24;01/06/2019
2020;Hyundai;Tucson AWD;4;Auto(S6);22;25;23;21/05/2019
2020;Hyundai;Tucson AWD;4;Auto(S6);21;26;23;21/05/2019
2020;Nissan;QX50 AWD;4;Auto(AV-S8);22;28;25;20/09/2019
2020;Nissan;QX60 AWD;6;Auto(AV-S7);19;26;22;21/06/2019
2020;Jaguar Land Rover L;E-PACE;4;Auto(S9);21;28;24;08/02/2019
2020;Jaguar Land Rover L;E-PACE P300;4;Auto(S9);21;27;23;08/02/2019
2020;Jaguar Land Rover L;F-PACE;4;Auto(S8);22;27;24;08/02/2019
2020;Jaguar Land Rover L;F-PACE;6;Auto(S8);18;23;20;08/03/2019
2020;Jaguar Land Rover L;F-PACE;8;Auto(S8);16;21;18;08/03/2019
2020;Jaguar Land Rover L;F-PACE 30t;4;Auto(S8);22;27;24;08/02/2019
2020;FCA US LLC;Cherokee 4X4;4;Auto(A9);21;29;24;22/07/2019
2020;FCA US LLC;Cherokee 4X4;4;Auto(A9);21;29;24;22/07/2019
2020;FCA US LLC;Cherokee 4X4;6;Auto(A9);19;27;22;22/07/2019
2020;FCA US LLC;Cherokee 4x4 Active Drive II;4;Auto(A9);20;27;23;22/07/2019
2020;FCA US LLC;Cherokee 4x4 Active Drive II;6;Auto(A9);18;26;21;22/07/2019
2020;FCA US LLC;Cherokee Trailhawk 4X4;4;Auto(A9);20;26;22;22/07/2019
2020;FCA US LLC;Cherokee Trailhawk 4X4;6;Auto(A9);18;24;21;22/07/2019
2020;FCA US LLC;Compass 4X4;4;Auto(A9);22;30;25;05/08/2019
2020;FCA US LLC;Compass 4X4;4;Manual(M6);22;31;25;05/08/2019
2020;FCA US LLC;Renegade 4x4;4;Auto(A9);23;29;26;09/09/2019
2020;FCA US LLC;Renegade 4x4;4;Auto(A9);21;29;24;09/09/2019
2020;FCA US LLC;Renegade Trailhawk 4x4;4;Auto(A9);22;27;24;09/09/2019
2020;FCA US LLC;Wrangler 4x4;4;Auto(A8);21;22;21;22/01/2020
2020;FCA US LLC;Wrangler 4x4;4;Auto(A8);22;24;23;01/08/2019
2020;FCA US LLC;Wrangler 4x4;6;Auto(A8);18;23;20;22/07/2019
2020;FCA US LLC;Wrangler 4x4;6;Manual(M6);17;25;20;01/08/2019
2020;FCA US LLC;Wrangler Unlimited 4x4;4;Auto(A8);21;22;21;01/08/2019
2020;FCA US LLC;Wrangler Unlimited 4x4;4;Auto(A8);21;22;21;01/08/2019
2020;FCA US LLC;Wrangler Unlimited 4x4;6;Auto(A8);22;29;25;13/12/2019
2020;FCA US LLC;Wrangler Unlimited 4x4;6;Auto(A8);19;22;20;22/07/2019
2020;FCA US LLC;Wrangler Unlimited 4x4;6;Auto(A8);18;22;20;22/07/2019
2020;FCA US LLC;Wrangler Unlimited 4x4;6;Manual(M6);17;23;19;01/08/2019
2020;Kia;Sorento AWD;4;Auto(S6);21;26;23;02/07/2019
2020;Kia;Sorento AWD;6;Auto(S8);18;24;20;02/07/2019
2020;Kia;Sportage AWD;4;Auto(S6);19;24;21;15/02/2019
2020;Kia;Sportage AWD;4;Auto(S6);22;26;23;15/02/2019
2020;Kia;Telluride AWD;6;Auto(S8);19;24;21;15/02/2019
2020;Jaguar Land Rover L;Discovery Sport;4;Auto(S9);19;24;21;26/08/2019
2020;Jaguar Land Rover L;Discovery Sport MHEV;4;Auto(S9);19;24;21;04/09/2019
2020;Jaguar Land Rover L;Evoque;4;Auto(S9);20;27;23;12/03/2019
2020;Jaguar Land Rover L;Evoque MHEV;4;Auto(S9);21;26;23;12/03/2019
2020;Jaguar Land Rover L;Range Rover Velar;4;Auto(S8);21;27;23;08/02/2019
2020;Jaguar Land Rover L;Range Rover Velar;6;Auto(S8);18;24;20;08/03/2019
2020;Jaguar Land Rover L;Range Rover Velar;8;Auto(S8);15;20;17;25/03/2019
2020;Jaguar Land Rover L;Range Rover Velar P300;4;Auto(S8);20;26;22;08/02/2019
2020;Jaguar Land Rover L;Range Rover Velar P380;6;Auto(S8);18;24;20;08/03/2019
2020;Toyota;NX 300 AWD;4;Auto(S6);22;28;24;27/05/2019
2020;Toyota;NX 300 AWD F SPORT;4;Auto(S6);22;27;24;27/05/2019
2020;Toyota;NX 300h AWD;4;Auto(AV-S6);33;30;31;27/05/2019
2020;Toyota;RX 350 AWD;6;Auto(S8);19;26;22;25/08/2019
2020;Toyota;RX 350L AWD;6;Auto(S8);18;25;21;25/08/2019
2020;Ford Motor Company;CORSAIR AWD;4;Auto(S8);21;29;24;24/10/2019
2020;Ford Motor Company;CORSAIR AWD;4;Auto(S8);21;28;24;16/09/2019
2020;Ford Motor Company;NAUTILUS AWD;4;Auto(S8);20;25;22;16/09/2019
2020;Ford Motor Company;NAUTILUS AWD;6;Auto(S8);19;26;21;16/09/2019
2020;MAZDA;CX-30 4WD;4;Auto(S6);24;31;26;01/01/2020
2020;MAZDA;CX-30 4WD;4;Auto(S6);25;32;27;01/01/2020
2020;MAZDA;CX-5 4WD;4;Auto(S6);24;30;26;18/11/2019
2020;MAZDA;CX-5 4WD;4;Auto(S6);22;27;24;18/11/2019
2020;MAZDA;CX-9 4WD;4;Auto(S6);20;26;23;18/11/2019
2020;Mercedes-Benz;AMG GLC 43 4MATIC;6;Auto(A9);18;24;21;28/10/2019
2020;Mercedes-Benz;AMG GLC 43 4MATIC (coupe);6;Auto(A9);18;24;21;28/10/2019
2020;Mercedes-Benz;AMG GLC 63 4MATIC+;8;Auto(A9);16;22;18;16/10/2019
2020;Mercedes-Benz;AMG GLC 63 4MATIC+ (coupe);8;Auto(A9);16;22;18;16/10/2019
2020;Mercedes-Benz;AMG GLC 63 S 4MATIC+ (coupe);8;Auto(A9);16;22;18;16/10/2019
2020;Mercedes-Benz;GLA 250 4MATIC;4;Auto(AM7);22;30;25;05/02/2020
2020;Mercedes-Benz;GLB 250 4MATIC;4;Auto(AM8);23;31;26;15/10/2019
2020;Mercedes-Benz;GLC 300 4MATIC;4;Auto(A9);21;28;24;09/08/2019
2020;Mercedes-Benz;GLC 300 4MATIC (Coupe);4;Auto(A9);21;28;24;15/08/2019
2020;Mercedes-Benz;GLE 350;4;Auto(A9);20;27;22;18/07/2019
2020;Mercedes-Benz;GLE 350 4MATIC;4;Auto(A9);19;26;22;05/02/2019
2020;Mitsubishi Motors Co;ECLIPSE CROSS 4WD;4;Auto(AV-S8);25;26;25;01/08/2019
2020;Mitsubishi Motors Co;ECLIPSE CROSS ES 4WD;4;Auto(AV-S8);25;28;26;01/07/2019
2020;Mitsubishi Motors Co;OUTLANDER 4WD;4;Auto(AV-S6);24;29;26;01/06/2019
2020;Mitsubishi Motors Co;OUTLANDER 4WD;6;Auto(S6);20;27;22;01/09/2019
2020;Mitsubishi Motors Co;OUTLANDER SPORT 4WD;4;Auto(AV-S6);23;29;26;01/08/2019
2020;Mitsubishi Motors Co;OUTLANDER SPORT 4WD;4;Auto(AV-S6);23;28;25;01/09/2019
2020;Nissan;PATHFINDER 4WD;6;Auto(AV);20;27;22;13/09/2019
2020;Nissan;PATHFINDER 4WD PLATINUM;6;Auto(AV);19;26;21;13/09/2019
2020;Nissan;ROGUE AWD;4;Auto(AV);25;32;27;19/07/2019
2020;Porsche;Macan;4;Auto(AM-S7);19;23;21;22/07/2019
2020;Porsche;Macan GTS;6;Auto(AM-S7);17;22;19;24/02/2020
2020;Porsche;Macan S;6;Auto(AM-S7);18;23;20;05/07/2019
2020;Porsche;Macan Turbo;6;Auto(AM-S7);17;22;19;24/02/2020
2020;Subaru;CROSSTREK AWD;4;Auto(AV-S8);27;33;30;30/08/2019
2020;Subaru;CROSSTREK AWD;4;Manual(M6);22;29;25;30/08/2019
2020;Subaru;FORESTER AWD;4;Auto(AV-S7);26;33;29;01/07/2019
2020;Subaru;OUTBACK AWD;4;Auto(AV-S8);23;30;26;30/06/2019
2020;Subaru;OUTBACK AWD;4;Auto(AV-S8);26;33;29;30/06/2019
2020;Toyota;HIGHLANDER AWD;6;Auto(S8);20;27;23;05/12/2019
2020;Toyota;RAV4 AWD;4;Auto(S8);25;33;28;10/10/2019
2020;Toyota;RAV4 AWD;4;Auto(S8);27;33;29;10/10/2019
2020;Toyota;RAV4 AWD LE;4;Auto(S8);27;34;30;10/10/2019
2020;Toyota;RAV4 AWD TRD OFFROAD;4;Auto(S8);25;32;27;10/10/2019
2020;Toyota;RAV4 HYBRID AWD;4;Auto(AV-S6);41;38;40;10/10/2019
2020;Volkswagen Group of;Atlas Cross Sport 4Motion;4;Auto(S8);18;23;20;04/10/2019
2020;Volkswagen Group of;Atlas Cross Sport 4Motion;6;Auto(S8);16;22;19;17/01/2020
2020;Volkswagen Group of;Tiguan 4Motion;4;Auto(S8);20;27;23;20/09/2019
2020;Volvo;XC40 AWD;4;Auto(S8);22;30;25;03/06/2019
2020;Volvo;XC60 AWD;4;Auto(S8);20;27;23;12/06/2019
2020;Volvo;XC60 AWD;4;Auto(S8);20;27;23;03/06/2019
2020;BMW;X5 sDrive40i;6;Auto(S8);21;26;23;01/09/2019
2020;BMW;X6 sDrive40i;6;Auto(S8);21;26;23;01/09/2019
2020;General Motors;ENCLAVE FWD;6;Auto(A9);18;26;21;05/08/2019
2020;General Motors;ESCALADE 2WD;8;Auto(A10);14;23;17;27/06/2019
2020;General Motors;C1500 SUBURBAN 2WD;8;Auto(A6);15;22;18;27/06/2019
2020;General Motors;C1500 SUBURBAN 2WD;8;Auto(A6);15;22;18;27/06/2019
2020;General Motors;C1500 SUBURBAN 2WD;8;Auto(A10);14;23;17;05/08/2019
2020;General Motors;C1500 TAHOE 2WD;8;Auto(A6);15;22;18;27/06/2019
2020;General Motors;C1500 TAHOE 2WD;8;Auto(A6);15;22;18;27/06/2019
2020;General Motors;C1500 TAHOE 2WD;8;Auto(A10);14;23;17;27/06/2019
2020;General Motors;TRAVERSE FWD;6;Auto(A9);18;27;21;17/06/2019
2020;FCA US LLC;Durango RWD;6;Auto(A8);19;26;21;29/07/2019
2020;FCA US LLC;Durango RWD;8;Auto(A8);14;22;17;29/07/2019
2020;Ford Motor Company;Expedition 2WD;6;Auto(S10);17;23;19;24/10/2019
2020;Ford Motor Company;Expedition MAX 2WD;6;Auto(S10);17;23;19;24/10/2019
2020;Ford Motor Company;EXPLORER HEV RWD;6;Auto(S10);27;29;28;22/07/2019
2020;Ford Motor Company;EXPLORER RWD;4;Auto(S10);21;28;24;28/05/2019
2020;General Motors;ACADIA FWD;4;Auto(A9);21;28;24;12/11/2019
2020;General Motors;ACADIA FWD;4;Auto(A9);21;27;23;05/08/2019
2020;General Motors;ACADIA FWD;6;Auto(A9);19;27;22;05/08/2019
2020;General Motors;C1500 YUKON 2WD;8;Auto(A6);15;22;18;27/06/2019
2020;General Motors;C1500 YUKON 2WD;8;Auto(A6);15;22;18;27/06/2019
2020;General Motors;C1500 YUKON 2WD;8;Auto(A10);14;23;17;27/06/2019
2020;General Motors;C1500 YUKON XL 2WD;8;Auto(A6);15;22;18;27/06/2019
2020;General Motors;C1500 YUKON XL 2WD;8;Auto(A6);15;22;18;27/06/2019
2020;General Motors;C1500 YUKON XL 2WD;8;Auto(A10);14;23;17;27/06/2019
2020;Hyundai;Palisade FWD;6;Auto(S8);19;26;22;15/04/2019
2020;Nissan;QX80 2WD;8;Auto(S7);14;20;16;06/11/2019
2020;FCA US LLC;Grand Cherokee 4X2;6;Auto(A8);19;26;21;29/07/2019
2020;Ford Motor Company;AVIATOR RWD;6;Auto(S10);18;26;21;30/05/2019
2020;Ford Motor Company;NAVIGATOR 2WD;6;Auto(S10);16;22;19;24/10/2019
2020;Ford Motor Company;NAVIGATOR L 2WD;6;Auto(S10);16;21;18;24/10/2019
2020;Nissan;ARMADA 2WD;8;Auto(S7);14;19;16;03/09/2019
2020;Toyota;4RUNNER 2WD;6;Auto(S5);16;19;17;16/08/2019
2020;Toyota;SEQUOIA 2WD;8;Auto(S6);13;17;15;08/08/2019
2020;Volvo;XC90 FWD;4;Auto(S8);21;30;25;03/06/2019
2020;Volkswagen Group of;Q7;4;Auto(S8);19;23;21;06/04/2020
2020;Volkswagen Group of;Q7;6;Auto(S8);17;21;18;15/11/2019
2020;Volkswagen Group of;Q8;6;Auto(S8);17;21;18;15/11/2019
2020;Volkswagen Group of;RS Q8;8;Auto(S8);13;19;15;28/02/2020
2020;Volkswagen Group of;SQ7;8;Auto(S8);15;21;17;31/03/2020
2020;Volkswagen Group of;SQ8;8;Auto(S8);15;21;17;31/03/2020
2020;Volkswagen Group of;Bentayga;8;Auto(S8);14;23;17;30/08/2019
2020;Volkswagen Group of;Bentayga;12;Auto(S8);12;17;14;06/12/2019
2020;BMW;X5 M;8;Auto(S8);13;18;15;15/01/2020
2020;BMW;X5 M Competition;8;Auto(S8);13;18;15;15/01/2020
2020;BMW;X5 M50i;8;Auto(S8);16;22;18;01/08/2019
2020;BMW;X5 xDrive40i;6;Auto(S8);20;26;22;01/09/2019
2020;BMW;X5 xDrive50i;8;Auto(S8);16;22;18;01/08/2019
2020;BMW;X6 M;8;Auto(S8);13;18;15;15/01/2020
2020;BMW;X6 M Competition;8;Auto(S8);13;18;15;15/01/2020
2020;BMW;X6 M50i;8;Auto(S8);16;22;18;01/08/2019
2020;BMW;X6 xDrive40i;6;Auto(S8);20;26;22;01/09/2019
2020;BMW;X7 M50i;8;Auto(S8);15;21;17;01/08/2019
2020;BMW;X7 xDrive40i;6;Auto(S8);20;25;22;01/09/2019
2020;BMW;X7 xDrive50i;8;Auto(S8);15;21;17;01/08/2019
2020;General Motors;ENCLAVE AWD;6;Auto(A9);17;25;20;17/06/2019
2020;General Motors;ESCALADE 4WD;8;Auto(A10);14;21;17;27/06/2019
2020;General Motors;K1500 SUBURBAN 4WD;8;Auto(A6);14;21;16;15/07/2019
2020;General Motors;K1500 SUBURBAN 4WD;8;Auto(A6);14;21;16;27/06/2019
2020;General Motors;K1500 SUBURBAN 4WD;8;Auto(A10);14;20;16;05/08/2019
2020;General Motors;K1500 TAHOE 4WD;8;Auto(A6);15;21;17;27/06/2019
2020;General Motors;K1500 TAHOE 4WD;8;Auto(A6);15;21;17;27/06/2019
2020;General Motors;K1500 TAHOE 4WD;8;Auto(A10);14;22;17;27/06/2019
2020;General Motors;TRAVERSE AWD;6;Auto(A9);17;25;20;17/06/2019
2020;FCA US LLC;Durango AWD;6;Auto(A8);18;25;21;29/07/2019
2020;FCA US LLC;Durango AWD;8;Auto(A8);14;22;17;29/07/2019
2020;FCA US LLC;Durango SRT AWD;8;Auto(A8);13;19;15;26/08/2019
2020;Ford Motor Company;Expedition 4WD;6;Auto(S10);17;22;19;24/10/2019
2020;Ford Motor Company;Expedition MAX 4WD;6;Auto(S10);16;21;18;24/10/2019
2020;Ford Motor Company;EXPLORER AWD;4;Auto(S10);20;27;23;28/05/2019
2020;Ford Motor Company;EXPLORER AWD;6;Auto(S10);18;24;20;30/05/2019
2020;Ford Motor Company;EXPLORER FFV AWD;6;Auto(S10);16;23;19;30/05/2019
2020;Ford Motor Company;EXPLORER HEV AWD;6;Auto(S10);23;26;25;22/07/2019
2020;General Motors;ACADIA AWD;4;Auto(A9);21;27;23;12/11/2019
2020;General Motors;ACADIA AWD;6;Auto(A9);18;25;21;05/08/2019
2020;General Motors;K1500 YUKON 4WD;8;Auto(A6);15;21;17;15/07/2019
2020;General Motors;K1500 YUKON 4WD;8;Auto(A6);15;21;17;27/06/2019
2020;General Motors;K1500 YUKON 4WD;8;Auto(A10);14;22;17;27/06/2019
2020;General Motors;K1500 YUKON XL 4WD;8;Auto(A6);14;21;16;15/07/2019
2020;General Motors;K1500 YUKON XL 4WD;8;Auto(A6);14;21;16;27/06/2019
2020;General Motors;K1500 YUKON XL 4WD;8;Auto(A10);14;20;16;27/06/2019
2020;Hyundai;Palisade AWD;6;Auto(S8);19;24;21;14/03/2019
2020;Nissan;QX80 4WD;8;Auto(S7);13;19;15;06/11/2019
2020;FCA US LLC;Grand Cherokee 4X4;6;Auto(A8);18;25;21;29/07/2019
2020;FCA US LLC;Grand Cherokee 4X4;8;Auto(A8);14;22;17;29/07/2019
2020;FCA US LLC;Grand Cherokee SRT 4x4;8;Auto(A8);13;19;15;26/08/2019
2020;FCA US LLC;Grand Cherokee Trackhawk 4x4;8;Auto(A8);11;17;13;26/08/2019
2020;Volkswagen Group of;Urus;8;Auto(S8);12;17;14;30/08/2019
2020;Jaguar Land Rover L;Defender 110;4;Auto(S8);17;20;18;18/05/2020
2020;Jaguar Land Rover L;Defender 110 MHEV;6;Auto(S8);17;22;19;18/05/2020
2020;Jaguar Land Rover L;Defender 90;4;Auto(S8);18;21;19;18/05/2020
2020;Jaguar Land Rover L;Defender 90 MHEV;6;Auto(S8);17;22;19;18/05/2020
2020;Jaguar Land Rover L;Discovery;6;Auto(S8);21;26;23;29/07/2019
2020;Jaguar Land Rover L;Discovery;6;Auto(S8);16;21;18;29/07/2019
2020;Jaguar Land Rover L;Range Rover;6;Auto(S8);22;28;24;15/07/2019
2020;Jaguar Land Rover L;Range Rover;8;Auto(S8);16;21;18;15/07/2019
2020;Jaguar Land Rover L;Range Rover LWB;8;Auto(S8);16;21;18;15/07/2019
2020;Jaguar Land Rover L;Range Rover LWB SVA;8;Auto(S8);13;19;15;15/07/2019
2020;Jaguar Land Rover L;Range Rover MHEV;6;Auto(S8);19;24;21;29/07/2020
2020;Jaguar Land Rover L;Range Rover Sport;6;Auto(S8);22;28;24;15/07/2019
2020;Jaguar Land Rover L;Range Rover Sport;8;Auto(S8);17;22;19;15/07/2019
2020;Jaguar Land Rover L;Range Rover Sport SVR;8;Auto(S8);15;20;16;15/07/2019
2020;Jaguar Land Rover L;Range Rover SVA;8;Auto(S8);14;19;16;15/07/2019
2020;Toyota;GX 460;8;Auto(S6);15;19;16;19/09/2019
2020;Toyota;LX 570;8;Auto(S8);12;16;14;25/08/2019
2020;Toyota;RX 450h AWD;6;Auto(AV-S6);31;28;30;25/08/2019
2020;Toyota;RX 450hL AWD;6;Auto(AV-S6);29;28;29;25/08/2019
2020;Ford Motor Company;AVIATOR AWD;6;Auto(S10);17;24;20;30/05/2019
2020;Ford Motor Company;NAVIGATOR 4WD;6;Auto(S10);16;21;18;24/10/2019
2020;Maserati;LEVANTE;6;Auto(A8);15;21;17;26/07/2019
2020;Maserati;LEVANTE GTS;8;Auto(A8);14;18;15;26/07/2019
2020;Maserati;LEVANTE S;6;Auto(A8);15;21;17;26/07/2019
2020;Maserati;LEVANTE TROFEO;8;Auto(A8);14;18;15;26/07/2019
2020;Mercedes-Benz;AMG G 63;8;Auto(A9);13;15;14;15/10/2019
2020;Mercedes-Benz;G 550;8;Auto(A9);13;17;14;01/11/2019
2020;Mercedes-Benz;GLE 450 4MATIC;6;Auto(A9);19;24;21;05/02/2019
2020;Mercedes-Benz;GLE 580 4MATIC;8;Auto(A9);17;21;19;22/11/2019
2020;Mercedes-Benz;GLS 450 4MATIC;6;Auto(A9);19;23;21;01/08/2019
2020;Mercedes-Benz;GLS 580 4MATIC;8;Auto(A9);16;21;18;22/11/2019
2020;Nissan;ARMADA 4WD;8;Auto(S7);13;18;15;03/09/2019
2020;Porsche;Cayenne;6;Auto(S8);19;23;20;28/06/2019
2020;Porsche;Cayenne Coupé;6;Auto(S8);19;23;20;24/02/2020
2020;Porsche;Cayenne S;6;Auto(S8);18;22;20;19/07/2019
2020;Porsche;Cayenne S Coupé;6;Auto(S8);18;22;19;24/02/2020
2020;Porsche;Cayenne Turbo;8;Auto(S8);15;19;17;05/07/2019
2020;Porsche;Cayenne Turbo Coupé;8;Auto(S8);15;19;17;24/02/2020
2020;Subaru;ASCENT AWD;4;Auto(AV-S8);21;27;23;11/05/2019
2020;Subaru;ASCENT LIMITED/TOURING AWD;4;Auto(AV-S8);20;26;22;11/05/2019
2020;Toyota;4RUNNER 4WD;6;Auto(S5);16;19;17;16/08/2019
2020;Toyota;4RUNNER 4WD;6;Auto(S5);16;19;17;16/08/2019
2020;Toyota;HIGHLANDER HYBRID AWD;4;Auto(AV-S6);35;35;35;06/02/2020
2020;Toyota;HIGHLANDER HYBRID AWD LTD/PLAT;4;Auto(AV-S6);35;34;35;06/02/2020
2020;Toyota;LAND CRUISER WAGON 4WD;8;Auto(S8);13;17;14;16/08/2019
2020;Toyota;SEQUOIA 4WD;8;Auto(S6);13;17;14;08/08/2019
2020;Volkswagen Group of;Atlas 4Motion;6;Auto(S8);16;22;19;17/01/2020
2020;Volvo;XC90 AWD;4;Auto(S8);18;26;21;21/06/2019
2020;Volvo;XC90 AWD;4;Auto(S8);20;27;23;12/06/2019
2020;Pagani Automobili S;Pagani Huayra Roadster BC;12;Auto(AM7);10;15;12;25/06/2020
2020;Volkswagen Group of;Aventador Sian Roadster;12;Auto(AM-S7);8;14;10;01/10/2020
2020;Volkswagen Group of;Aventador Sian Coupe;12;Auto(AM-S7);8;14;10;01/10/2020
2020;RUF;TURBO12/CTR3/CTR ANNIVERSARY;6;Manual(M7);16;20;18;01/10/2020
2020;Jaguar Land Rover L;Range Rover Sport MHEV;6;Auto(S8);19;24;21;06/07/2020
